url,url_mobile,title,seendate,socialimage,domain,language,sourcecountry
https://www.straitstimes.com/singapore/environment/covid-19-offers-preview-of-impact-of-environmental-threats,,Covid - 19 offers preview of impact of environmental threats,20200501T230000Z,https://www.straitstimes.com/sites/all/themes/custom/bootdemo/images/facebook_default_pic.jpg,straitstimes.com,English,Singapore
https://www.express.co.uk/news/science/1276612/coronavirus-uk-climate-change-comparison,https://www.express.co.uk/news/science/1276612/coronavirus-uk-climate-change-comparison/amp,Coronavirus : Expert warns climate change will be  far greater tragedy  than pandemic,20200501T150000Z,https://cdn.images.express.co.uk/img/dynamic/151/750x445/1276612.jpg,express.co.uk,English,United Kingdom
https://www.b92.net/zivot/vesti.php?yyyy=2020&mm=05&dd=01&nav_id=1679559,https://www.b92.net/zivot/vesti.php?yyyy=2020 =05 =01 _id=1679559 =amp,Deo novca prikupljenog za borbu protiv klimatskih promena Tunberg donirala za maske i sapune,20200502T000000Z,,b92.net,Serbian,Serbia
https://allafrica.com/stories/202005010134.html,,Liberia : Climate Change Efforts and Messages in Relation to the COVID - 19 Pandemic,20200501T091500Z,,allafrica.com,English,Nigeria
https://www.ippmedia.com/en/features/why-climate-agricultural-techniques-are-resilient-climate-change,https://www.ippmedia.com/en/features/why-climate-agricultural-techniques-are-resilient-climate-change?amp,Why climate agricultural techniques are resilient for climate change,20200501T113000Z,https://www.ippmedia.com/sites/default/files/articles/2020/05/01/miti.jpg,ippmedia.com,English,Tanzania
"https://www.ynet.co.il/articles/0,7340,L-5723118,00.html",,עניין של שחור או לבן,20200501T164500Z,https://www.ynet.co.il/PicServer5/2020/04/13/9906511/99064000100488640360no.jpg,ynet.co.il,Hebrew,Israel
https://www.yna.co.kr/view/AKR20200501011000072,https://m.yna.co.kr/amp/view/AKR20200501011000072,"유엔총장  한국 , 코로나19 · 기후변화 대응 따라야 할 본보기  ",20200501T000000Z,https://img1.yna.co.kr/etc/inner/KR/2020/05/01/AKR20200501011000072_01_i_P4.jpg,yna.co.kr,Korean,South Korea
https://www.breitbart.com/entertainment/2020/04/30/robert-redford-sees-pleasant-surprise-in-coronavirus-lockdown-glimpse-of-potential-for-environmental-repair/,https://www.breitbart.com/entertainment/2020/04/30/robert-redford-sees-pleasant-surprise-in-coronavirus-lockdown-glimpse-of-potential-for-environmental-repair/amp/,Robert Redford Sees  Pleasant Surprise  in Coronavirus Lockdown :  Glimpse of Potential for Environmental Repair  ,20200501T003000Z,https://media.breitbart.com/media/2018/01/RobertRedfordSundance.jpg,breitbart.com,English,United States
http://seoul.co.kr/news/newsView.php?id=20200501500128,https://amp.seoul.co.kr/www/20200501500128," [ 서울신문 ] 유엔총장  韓 , 코로나19 대응 성공적 … 따라야 할 본보기  극찬",20200501T080000Z,https://img.seoul.co.kr/img/upload/2020/01/07/SSI_20200107070632.jpg,seoul.co.kr,Korean,South Korea
http://seoul.co.kr/news/newsView.php?id=20200501500128&wlog_sub=svt_023,https://amp.seoul.co.kr/www/20200501500128," [ 서울신문 ] 유엔총장  韓 , 코로나19 대응 성공적 … 따라야 할 본보기  극찬",20200501T064500Z,https://img.seoul.co.kr/img/upload/2020/01/07/SSI_20200107070632.jpg,seoul.co.kr,Korean,South Korea
https://theconversation.com/11-000-scientists-warn-climate-change-isnt-just-about-temperature-126261,https://theconversation.com/amp/11-000-scientists-warn-climate-change-isnt-just-about-temperature-126261,"11 , 000 scientists warn : climate change isnt just about temperature",20200501T210000Z,https://images.theconversation.com/files/300029/original/file-20191104-88403-1u1o8ss.jpg?ixlib=rb-1.1.0&rect=35%2C0%2C4000%2C2000&q=45&auto=format&fit=crop,theconversation.com,English,Australia
https://www.dw.com/overlay/media/en/disappearing-ice-climate-change-in-the-antarctic/53186886/53304374,,,20200501T183000Z,,dw.com,English,Germany
https://www.yna.co.kr/view/AKR20200501011051072,https://m.yna.co.kr/amp/view/AKR20200501011051072,"유엔총장  한국 , 코로나19 · 기후변화 대응 따라야 할 본보기 ( 종합 ) ",20200501T023000Z,https://img5.yna.co.kr/etc/inner/KR/2020/05/01/AKR20200501011051072_01_i_P4.jpg,yna.co.kr,Korean,South Korea
https://www.smh.com.au/business/companies/woodside-warns-renewables-lack-scale-as-rivals-turn-green-leaf-20200501-p54p2u.html,https://amp.smh.com.au/business/companies/woodside-warns-renewables-lack-scale-as-rivals-turn-green-leaf-20200501-p54p2u.html,Woodside warns renewables  lack scale  as rivals turn green leaf,20200501T074500Z,https://static.ffx.io/images/$zoom_0.5298%2C$multiply_0.7554%2C$ratio_1.777778%2C$width_1059%2C$x_0%2C$y_109/t_crop_custom/q_86%2Cf_auto/ddb63975accb106af234a030dbc54880fca98abc,smh.com.au,English,Australia
https://www.theage.com.au/business/companies/woodside-warns-renewables-lack-scale-as-rivals-turn-green-leaf-20200501-p54p2u.html,https://amp.theage.com.au/business/companies/woodside-warns-renewables-lack-scale-as-rivals-turn-green-leaf-20200501-p54p2u.html,Woodside warns renewables  lack scale  as rivals turn green leaf,20200501T081500Z,https://static.ffx.io/images/$zoom_0.5298%2C$multiply_0.7554%2C$ratio_1.777778%2C$width_1059%2C$x_0%2C$y_109/t_crop_custom/q_86%2Cf_auto/ddb63975accb106af234a030dbc54880fca98abc,theage.com.au,English,Australia
https://www.express.co.uk/news/science/1276768/Climate-change-news-global-warming-models-University-of-Michigan,https://www.express.co.uk/news/science/1276768/Climate-change-news-global-warming-models-University-of-Michigan/amp,Climate change : Some climate models  predict too much warming  | Science | News,20200501T210000Z,https://cdn.images.express.co.uk/img/dynamic/151/750x445/1276768.jpg,express.co.uk,English,United Kingdom
https://www.watoday.com.au/business/companies/woodside-warns-renewables-lack-scale-as-rivals-turn-green-leaf-20200501-p54p2u.html,https://amp.watoday.com.au/business/companies/woodside-warns-renewables-lack-scale-as-rivals-turn-green-leaf-20200501-p54p2u.html,Woodside warns renewables  lack scale  as rivals turn green leaf,20200501T104500Z,https://static.ffx.io/images/$zoom_0.5298%2C$multiply_0.7554%2C$ratio_1.777778%2C$width_1059%2C$x_0%2C$y_109/t_crop_custom/q_86%2Cf_auto/ddb63975accb106af234a030dbc54880fca98abc,watoday.com.au,English,Australia
https://www.brisbanetimes.com.au/business/companies/woodside-warns-renewables-lack-scale-as-rivals-turn-green-leaf-20200501-p54p2u.html,https://amp.brisbanetimes.com.au/business/companies/woodside-warns-renewables-lack-scale-as-rivals-turn-green-leaf-20200501-p54p2u.html,Woodside warns renewables  lack scale  as rivals turn green leaf,20200501T081500Z,https://static.ffx.io/images/$zoom_0.5298%2C$multiply_0.7554%2C$ratio_1.777778%2C$width_1059%2C$x_0%2C$y_109/t_crop_custom/q_86%2Cf_auto/ddb63975accb106af234a030dbc54880fca98abc,brisbanetimes.com.au,English,Australia
https://www.foxnews.com/entertainment/robert-redford-pleasant-surprises-coronavirus-pandemic-climate-change,https://www.foxnews.com/entertainment/robert-redford-pleasant-surprises-coronavirus-pandemic-climate-change.amp,Robert Redford highlights  pleasant surprise the coronavirus pandemic is having on climate change,20200501T143000Z,https://static.foxnews.com/foxnews.com/content/uploads/2019/01/e9087476e7244f0c60b30f64c545c084w-c0xd-w640_h480_q80.jpg,foxnews.com,English,United States
http://news.kmib.co.kr/article/view.asp?arcid=0014536246&code=61131111&sid1=int,http://m.kmib.co.kr/view_amp.asp?arcid=0014536246,"유엔총장 ,  한국 코로나 · 기후변화 대응 주목할만한 본보기 - 국민일보",20200501T014500Z,http://image.kmib.co.kr/online_image/2020/0501/611311110014536246_1.jpg,news.kmib.co.kr,Korean,South Korea
https://www.arabnews.com/node/1668211,,World has golden opportunity to go green,20200501T214500Z,https://www.arabnews.com/sites/default/files/authors/1826486-ranvirsnairbw.png,arabnews.com,English,Saudi Arabia
https://www.triplepundit.com/story/2020/covid-19-makes-2020s-adaptation-decade-climate-change/87386,,COVID - 19 Makes the 2020s the Adaptation Decade for Climate Change,20200501T014500Z,https://back.3blmedia.com/sites/default/files/styles/ratio_3_2/public/triplepundit/wide/climate%20change%20will%20long%20have%20an%20impact%20on%20society%20and%20the%20environment.jpg,triplepundit.com,English,United States
https://www.washingtonexaminer.com/news/coronavirus-pandemic-leads-to-major-drop-in-global-carbon-emissions-study,https://www.washingtonexaminer.com/news/coronavirus-pandemic-leads-to-major-drop-in-global-carbon-emissions-study?_amp=true,Coronavirus pandemic leads to major drop in global carbon emissions : Study,20200501T191500Z,https://mediadc.brightspotcdn.com/5b/b7/4feec47bbb352d3553bdbd2b457f/c899e0212ae95aecca6cc852f26b84b7.jpg,washingtonexaminer.com,English,United States
https://jp.reuters.com/article/norway-swf-barclays-idJPKBN22D55F,https://jp.mobile.reuters.com/article/amp/idJPKBN22D55F,ノルウェー政府系ファンド 、 英バークレイズの気候変動対策を支持,20200501T113000Z,https://s2.reutersmedia.net/resources/r/?m=02&d=20200501&t=2&i=1517141660&r=LYNXMPEG403BB,jp.reuters.com,Japanese,United States
https://www.theglobeandmail.com/opinion/article-climate-change-is-like-covid-19-the-longer-we-wait-to-acknowledge-it/,https://www.theglobeandmail.com/amp/opinion/article-climate-change-is-like-covid-19-the-longer-we-wait-to-acknowledge-it/,"Opinion : Climate change is like COVID - 19 – the longer we wait to acknowledge it , the harder it is to defeat",20200501T183000Z,https://www.theglobeandmail.com/resizer/xeXKBsX-MwKG4GFUSjBRZhhl4Do=/1200x0/filters:quality(80)/cloudfront-us-east-1.images.arcpublishing.com/tgam/DWOKEHXAF5FSFHSJPSI4S7ZQIA.jpg,theglobeandmail.com,English,Canada
http://www.bssnews.net/?p=384048,,IPCC to dedicate new report to co - founder John Houghton | Bangladesh Sangbad Sangstha ( BSS ) ,20200501T173000Z,http://www.bssnews.net/wp-content/uploads/2020/05/Intergovernmental-Panel-on-Climate-Change-IPCC.jpg,bssnews.net,English,Bangladesh
https://www.msn.com/en-us/lifestyle/green-living/these-are-the-effects-of-climate-change-were-not-talking-about/ar-BBZcQ6F,,These Are the Effects of Climate Change Were Not Talking About,20200501T160000Z,,msn.com,English,United States
https://jp.reuters.com/article/norway-swf-barclays-idJPL4N2CJ1KB,https://jp.mobile.reuters.com/article/amp/idJPL4N2CJ1KB,ノルウェー政府系ファンド 、 英バークレイズの気候変動対策を支持,20200501T113000Z,https://s4.reutersmedia.net/resources_v2/images/rcom-default.png,jp.reuters.com,Japanese,United States
https://www.newsweekjapan.jp/headlines/business/2020/05/274480.php,https://www.newsweekjapan.jp/amp/headlines/business/2020/05/274480.php,ノルウェー政府系ファンド 、 英バークレイズの気候変動対策を支持,20200501T133000Z,https://www.newsweekjapan.jp/headlines/assets_c/2020/05/2020-05-01T102859Z_1_LYNXMPEG403BB_RTROPTP_2_BARCLAYS-REGULATOR-JENKINS-thumb-450x303-195900.jpg,newsweekjapan.jp,Japanese,Japan
https://www.forbes.com/sites/elizabethhowell1/2020/05/01/climate-crisis-the-660b-problem-one-company-is-trying-to-weather/,https://www.forbes.com/sites/elizabethhowell1/2020/05/01/climate-crisis-the-660b-problem-one-company-is-trying-to-weather/amp/,Climate Crisis : The $600B Problem One Company Is Trying To Weather,20200501T174500Z,https://thumbor.forbes.com/thumbor/fit-in/1200x0/filters%3Aformat%28jpg%29/https%3A%2F%2Fspecials-images.forbesimg.com%2Fimageserve%2F1211084083%2F0x0.jpg,forbes.com,English,United States
https://www.afr.com/politics/federal/byelection-to-be-fought-over-the-forgotten-people-20200501-p54ox7,,Byelection to be fought over the  forgotten  people,20200501T054500Z,https://static.ffx.io/images/$zoom_0.2345%2C$multiply_0.7554%2C$ratio_1.777778%2C$width_1059%2C$x_0%2C$y_0/t_crop_custom/e_sharpen:25%2Cq_85%2Cf_auto/27734fb6cd65ee115f76c1b35baf53f2234a3da8,afr.com,English,Australia
https://www.smh.com.au/national/investors-push-for-climate-action-not-binding-just-guidance-woodside-20200501-p54p0x.html,https://amp.smh.com.au/national/investors-push-for-climate-action-not-binding-just-guidance-woodside-20200501-p54p0x.html,"Investor push for climate action not binding , just  guidance : Woodside",20200501T050000Z,https://static.ffx.io/images/$zoom_1.5165%2C$multiply_0.7554%2C$ratio_1.777778%2C$width_1059%2C$x_0%2C$y_94/t_crop_custom/q_86%2Cf_auto/7c7e370b8b41b3de7fd989bf90b7ebd22b5d079f,smh.com.au,English,Australia
https://www.theage.com.au/national/investors-push-for-climate-action-not-binding-just-guidance-woodside-20200501-p54p0x.html,https://amp.theage.com.au/national/investors-push-for-climate-action-not-binding-just-guidance-woodside-20200501-p54p0x.html,"Investor push for climate action not binding , just  guidance : Woodside",20200501T050000Z,https://static.ffx.io/images/$zoom_1.5165%2C$multiply_0.7554%2C$ratio_1.777778%2C$width_1059%2C$x_0%2C$y_94/t_crop_custom/q_86%2Cf_auto/7c7e370b8b41b3de7fd989bf90b7ebd22b5d079f,theage.com.au,English,Australia
https://www.archdaily.com/938685/proactive-architecture-as-a-means-to-mitigate-climate-change,,Proactive Architecture as a Means to Mitigate Climate Change,20200501T084500Z,,archdaily.com,English,United States
http://www.koreatimes.co.kr/www/biz/2020/05/126_288688.html,http://m.koreatimes.co.kr/pages/article.amp.asp?newsIdx=288688, [ INTERVIEW ] Shinhan to adopt Equator Principles in H2,20200501T023000Z,https://ston.koreatimes.co.kr/web/IMAGE/upload/newsV2/images/202004/075946061b74400ba6b40f1079b7ecbf.jpg,koreatimes.co.kr,English,South Korea
http://www.ihalla.com/read.php3?aid=1588296342681781120,,제주의 대표 신문 한라일보,20200501T014500Z,http://www.ihalla.com/upimages/gisaimg/202005/681781.jpg,ihalla.com,Korean,South Korea
https://www.watoday.com.au/national/investors-push-for-climate-action-not-binding-just-guidance-woodside-20200501-p54p0x.html,https://amp.watoday.com.au/national/investors-push-for-climate-action-not-binding-just-guidance-woodside-20200501-p54p0x.html,"Investor push for climate action not binding , just  guidance : Woodside",20200501T050000Z,https://static.ffx.io/images/$zoom_1.5165%2C$multiply_0.7554%2C$ratio_1.777778%2C$width_1059%2C$x_0%2C$y_94/t_crop_custom/q_86%2Cf_auto/7c7e370b8b41b3de7fd989bf90b7ebd22b5d079f,watoday.com.au,English,Australia
http://www.ecomedia.co.kr/news/newsview.php?ncode=1065588265747218,,기후변화에 대응한 수자원시설물 관리 방안,20200501T074500Z,http://www.ecomedia.co.kr/news/data/20200501/p1065588265747218_130_thum.JPG,ecomedia.co.kr,Korean,South Korea
https://www.brisbanetimes.com.au/national/investors-push-for-climate-action-not-binding-just-guidance-woodside-20200501-p54p0x.html,https://amp.brisbanetimes.com.au/national/investors-push-for-climate-action-not-binding-just-guidance-woodside-20200501-p54p0x.html,"Investor push for climate action not binding , just  guidance : Woodside",20200501T043000Z,https://static.ffx.io/images/$zoom_1.5165%2C$multiply_0.7554%2C$ratio_1.777778%2C$width_1059%2C$x_0%2C$y_94/t_crop_custom/q_86%2Cf_auto/7c7e370b8b41b3de7fd989bf90b7ebd22b5d079f,brisbanetimes.com.au,English,Australia
https://www.wiwo.de/my/technologie/mobilitaet/hajeks-high-voltage-9-tante-trudes-chihuahua-und-die-stickoxide/25791674.html,,Warum die Coronakrise für mehr dreckige Abgase sorgen wird,20200501T133000Z,https://www.wiwo.de/images/strassenverkehr-in-niedersachsen-nimmt-deutlich-zu/25793010/3-format11240.jpg,wiwo.de,German,Germany
https://www.focus.de/wissen/natur/klimawandel-schlimmer-als-corona-die-klimapandemie-schlimmer-als-corona_id_11946286.html,https://amp.focus.de/wissen/natur/klimawandel-schlimmer-als-corona-die-klimapandemie-schlimmer-als-corona_id_11946286.html,Klimawandel schlimmer als Corona !: Die Klimapandemie - Schlimmer als Corona ! - Natur,20200501T163000Z,https://p5.focus.de/img/natur/crop11946285/4562716903-w1200-h627-o-q75-p5/compressed-949741f4-570c-4104-b6fc-3c49b851e5c0.jpg,focus.de,German,Germany
https://www.svt.se/nyheter/lokalt/dalarna/klimatforandringarna-paverkar-arstiderna-nu-kartlaggs-varen,https://amp.svt.se/nyheter/lokalt/dalarna/klimatforandringarna-paverkar-arstiderna-nu-kartlaggs-varen,Klimatförändringar påverkar årstiderna – I helgen kartläggs våren,20200501T054500Z,https://www.svtstatic.se/image-cms/svtse/1588267129/svts/article26624502.svt/alternates/large/johanne-maad-jpg,svt.se,Swedish,Sweden
http://www.msn.com/en-us/news/other/what-earth-might-look-like-in-80-years-if-were-lucky-%E2%80%94-and-if-were-not/ss-BBPHuLr,,What Earth might look like in 80 years if were lucky and if were not,20200501T170000Z,,msn.com,English,United States
http://www.msn.com/en-us/lifestyle/green-living/what-earth-might-look-like-in-80-years-if-we-re-lucky-and-if-we-re-not/ss-BBPHuLr,,What Earth might look like in 80 years if were lucky and if were not,20200502T000000Z,,msn.com,English,United States
https://nypost.com/2020/05/01/new-report-predicts-coronavirus-could-cause-largest-drop-in-carbon-emissions-ever/,https://nypost.com/2020/05/01/new-report-predicts-coronavirus-could-cause-largest-drop-in-carbon-emissions-ever/amp/,New report predicts coronavirus could cause largest drop in carbon emissions ever,20200501T181500Z,https://thenypost.files.wordpress.com/2020/05/virus-air-quality-01.jpg?quality=90&strip=all,nypost.com,English,United States
https://www.washingtontimes.com/news/2020/may/1/robert-redford-pandemic-shutdown-provides-pleasant/,https://amp.washingtontimes.com/news/2020/may/1/robert-redford-pandemic-shutdown-provides-pleasant/,Robert Redford : Pandemic shutdown provides  pleasant surprise on climate change front,20200501T181500Z,,washingtontimes.com,English,United States
https://weather.com/news/climate/news/2020-04-30-florida-real-estate-home-values-flooding-sea-level-rise,https://weather.com/amp/news/climate/news/2020-04-30-florida-real-estate-home-values-flooding-sea-level-rise,"Florida Real Estate Values Likely to Take a Beating From Rising Sea Levels , New Report Says",20200501T081500Z,https://s.w-x.co/GettyImages-1194159165.jpg,weather.com,English,United States
https://www.opportunitiesforafricans.com/unops-global-innovation-challenge-2020/,,"UNOPS Global Innovation Challenge 2020 for Innovators , Entrepreneurs , Programmers and Developers ( Bootcamp in Kobe , Japan ) ",20200501T231500Z,,opportunitiesforafricans.com,English,Nigeria
https://www.thestar.com.my/opinion/letters/2020/05/01/give-ministry-the-attention-it-deserves,,Give ministry the attention it deserves,20200501T204500Z,,thestar.com.my,English,Malaysia
https://www.msn.com/en-us/finance/markets/the-pandemic-delivers-small-wins-for-the-climate/ar-BB13ta1W,,The Pandemic Delivers Small Wins for the Climate,20200501T111500Z,,msn.com,English,United States
https://www.edp24.co.uk/business/farming/brown-and-co-and-defra-launch-elms-test-and-trial-for-carbon-capture-on-farms-1-6632709,,  Carbon farming  trial will help shape post - Brexit environment policy | Farming,20200501T070000Z,https://www.edp24.co.uk/polopoly_fs/1.6632710!/image/image.jpg,edp24.co.uk,English,United Kingdom
https://www.sltrib.com/opinion/commentary/2020/05/01/joro-walker-leverage/,,Joro Walker : Leverage stimulus to invest in Utah clean air,20200501T210000Z,https://www.sltrib.com/resizer/ouDUL2g-siSER_EogNIlxf1PYGc=/1200x630/filters:quality(85)/arc-anglerfish-arc2-prod-sltrib.s3.amazonaws.com/public/YRQQDZQWRRHKTMFTICGZNMQXMU.JPG,sltrib.com,English,United States
http://segye.com/newsView/20200501506593,http://m.segye.com/view/20200501506593,유엔 사무총장  韓 코로나19 · 기후변화 대응 본보기 나라  ,20200501T060000Z,http://img.segye.com/content/image/2020/05/01/20200501507454.jpg,segye.com,Korean,South Korea
https://theconversation.com/stop-blaming-each-other-for-the-climate-crisis-coronavirus-shows-what-we-can-achieve-together-136013,https://theconversation.com/amp/stop-blaming-each-other-for-the-climate-crisis-coronavirus-shows-what-we-can-achieve-together-136013,Stop blaming each other for the climate crisis – coronavirus shows what we can achieve together,20200501T180000Z,https://images.theconversation.com/files/331962/original/file-20200501-42962-1mg4396.jpg?ixlib=rb-1.1.0&rect=41%2C455%2C4608%2C2304&q=45&auto=format&fit=crop,theconversation.com,English,Australia
https://www.nature.com/articles/s41467-020-16010-4,,Accelerating invasion potential of disease vector Aedes aegypti under climate change,20200501T101500Z,https://media.springernature.com/m685/springer-static/image/art%3A10.1038%2Fs41467-020-16010-4/MediaObjects/41467_2020_16010_Fig1_HTML.png,nature.com,English,United States
https://physicstoday.scitation.org/doi/10.1063/PT.3.4478,,New books & media,20200501T100000Z,https://physicstoday.scitation.org/action/showOpenGraphArticleImage?doi=10.1063/PT.3.4478&id=cover,physicstoday.scitation.org,English,United States
https://www.outsideonline.com/2412053/nature-books-podcasts-recommendations,,Books and Podcasts to Fix Your Nature Deprivation,20200501T113000Z,https://www.outsideonline.com/sites/default/files/styles/full-page/public/2020/04/20/stuck-inside-nature_h.jpg?itok=GhRAja2_,outsideonline.com,English,United States
https://www.americanprogress.org/issues/green/reports/2020/05/01/484416/impacts-climate-change-trump-administrations-anti-environmental-agenda-montana/,,The Impacts of Climate Change and the Trump Administration Anti - Environmental Agenda in Montana,20200501T134500Z,https://cdn.americanprogress.org/content/uploads/2020/04/30141856/Montana.png,americanprogress.org,English,United States
https://www.iltalehti.fi/politiikka/a/7bee6a80-a8d7-401e-b34d-9862d0b2ddf4,,Ohisalon vappupuhe keskittyi poikkeuskevseen,20200501T110000Z,"https://img.ilcdn.fi/aT7xpZIdbjFcjxGOzCXdYnxYZho=/1200x630/top/filters:watermark(https://assets.ilcdn.fi/ilsome_v2.jpg,25,0,0)/img-s3.ilcdn.fi/4672a58e7f0229f12551580fad0322ecc78d1cd0f1a75ee92000ee59589790c7.jpg",iltalehti.fi,Finnish,Finland
https://www.stuff.co.nz/environment/climate-news/300001430/key-kiwi-in-the-field-of-climate-science,,Key Kiwi in the field of climate science,20200501T174500Z,https://resources.stuff.co.nz/content/dam/images/4/y/m/2/n/y/image.related.StuffLandscapeSixteenByNine.1420x800.4ym2l2.png/1588335318082.jpg,stuff.co.nz,English,New Zealand
https://www.qt.com.au/news/the-scientific-phenomena-that-could-have-huge-impa/4004994/,https://m.qt.com.au/news/the-scientific-phenomena-that-could-have-huge-impa/4004994/,The scientific phenomena that could have big impact on crops,20200501T040000Z,https://media.apnarm.net.au/media/images/2020/04/29/v3imagesbin7e1e593988ba8a87ef1567c42c645a17-jim936m9dlnemwcz8u2_ct1880x930.jpg,qt.com.au,English,Australia
http://freerepublic.com/focus/f-chat/3840681/posts,,"Attorney general office warns local officials that barber shops , hair salons and gyms still cant reopen ( Texas ) ",20200501T093000Z,,freerepublic.com,English,United States
https://www.sciencedaily.com/releases/2020/04/200430170935.htm,,Balancing impacts of range - shifting species : Invasives vs biodiversity,20200501T174500Z,,sciencedaily.com,English,United States
https://www.realclearpolitics.com/2020/04/30/a_time_to_save_the_sick_and_rescue_the_planet_509421.html,,A Time to Save the Sick and Rescue the Planet,20200501T000000Z,https://assets.realclear.com/images/46/467953_5_.jpg,realclearpolitics.com,English,United States
http://www.sotaliraq.com/2020/05/01/%D8%A7%D9%84%D9%85%D8%B1%D8%A3%D8%A9-%D8%A7%D9%84%D8%B1%D9%8A%D9%81%D9%8A%D8%A9-%D9%81%D9%8A-%D8%A7%D9%84%D8%A3%D8%B7%D9%84%D8%B3-%D8%A7%D9%84%D9%83%D8%A8%D9%8A%D8%B1-%D8%AA%D8%B3%D8%A7%D9%87%D9%85/,http://www.sotaliraq.com/2020/05/01/%d8%a7%d9%84%d9%85%d8%b1%d8%a3%d8%a9-%d8%a7%d9%84%d8%b1%d9%8a%d9%81%d9%8a%d8%a9-%d9%81%d9%8a-%d8%a7%d9%84%d8%a3%d8%b7%d9%84%d8%b3-%d8%a7%d9%84%d9%83%d8%a8%d9%8a%d8%b1-%d8%aa%d8%b3%d8%a7%d9%87%d9%85/amp/,صوت العراق | المرأة الريفية في الأطلس الكبير تساهم في الحدّ من تغيّر المناخ عن طريق زراعة أشجار الفاكهة,20200501T061500Z,,sotaliraq.com,Arabic,Iraq
http://biz.heraldcorp.com/view.php?ud=20200501000048,,"  유엔 사무총장  한국 , 코로나19 · 기후변화 대응 본보기 - 헤럴드경제",20200501T021500Z,http://res.heraldm.com/content/image/2020/05/01/20200501000048_0.jpg,biz.heraldcorp.com,Korean,South Korea
https://www.thenews.com.pk/print/652449-greta-helps-launch-un-campaign-to-protect-children-from-covid-19,https://www.thenews.com.pk/amp/652449-greta-helps-launch-un-campaign-to-protect-children-from-covid-19,Greta helps launch UN campaign to protect children from COVID - 19,20200501T051500Z,https://www.thenews.com.pk/assets/front/img/no-img-fb.jpg,thenews.com.pk,English,Pakistan
https://www.thenews.com.pk/print/652491-greta-helps-launch-un-campaign-to-protect-children-from-covid-19,https://www.thenews.com.pk/amp/652491-greta-helps-launch-un-campaign-to-protect-children-from-covid-19,Greta helps launch UN campaign to protect children from COVID - 19,20200501T051500Z,https://www.thenews.com.pk/assets/front/img/no-img-fb.jpg,thenews.com.pk,English,Pakistan
https://www.deperu.com/noticias/jefe-de-onu-elogia-a-corea-del-sur-por-combate-a-cambio-climatico-y-covid-19-102777.html,,Jefe de ONU elogia a Corea del Sur por combate a cambio climático y covid - 19,20200501T001500Z,,deperu.com,Spanish,United States
https://www.kristeligt-dagblad.dk/danmark/skipper-vi-skal-holde-fast-i-klimaambitioner-trods-corona,,Skipper : Vi skal holde fast i klimaambitioner trods corona,20200501T074500Z,,kristeligt-dagblad.dk,Danish,Denmark
https://www.northernstar.com.au/news/the-scientific-phenomena-that-could-have-huge-impa/4004994/,https://m.northernstar.com.au/news/the-scientific-phenomena-that-could-have-huge-impa/4004994/,The scientific phenomena that could have big impact on crops,20200501T044500Z,https://media.apnarm.net.au/media/images/2020/04/29/v3imagesbin7e1e593988ba8a87ef1567c42c645a17-jim936m9dlnemwcz8u2_ct1880x930.jpg,northernstar.com.au,English,Australia
https://news.mongabay.com/2020/05/flooding-devastates-ecuadors-indigenous-communities-in-the-amazon/,https://news.mongabay.com/2020/05/flooding-devastates-ecuadors-indigenous-communities-in-the-amazon/amp/,Flooding devastates Ecuador indigenous communities in the Amazon,20200501T190000Z,https://imgs.mongabay.com/wp-content/uploads/sites/20/2020/04/30153600/1280px-Ecuador_bridgeoverthePastazas2-768x450.jpg,news.mongabay.com,English,Indonesia
https://www.yeniasya.com.tr/bilim-teknoloji/cevreyi-korumazsak-salginlar-bitmez_518573,,Çevreyi korumazsak salgınlar bitmez,20200501T003000Z,https://www.yeniasya.com.tr/Sites/YeniAsya/Upload/images/Content/2020/04/30/cevre1111111.jpg,yeniasya.com.tr,Turkish,Turkey
http://www.etoday.co.kr/news/view/1890210,http://m.etoday.co.kr/view.php?idxno=1890210,"UN 사무총장  코로나 대응 , 전 세계가 한국 따라야  ",20200501T100000Z,http://img.etoday.co.kr/pto_db/2020/05/600/20200501161358_1455545_1200_800.jpg,etoday.co.kr,Korean,South Korea
https://www.vop.co.kr/A00001485355.html,,"유엔 총장  한국 코로나19 · 기후변화 대응 , 따라야 할 본보기  ",20200501T063000Z,https://archivenew.vop.co.kr/images/mobilethumbnail/2020-05/01092259_555.JPG,vop.co.kr,Korean,South Korea
https://www.reuters.com/article/us-health-coronavirus-climate-change/next-risk-coronavirus-pandemic-underscores-climate-health-threats-idUSKBN22D615,https://mobile.reuters.com/article/amp/idUSKBN22D615,Next risk ? Coronavirus pandemic underscores climate health threats,20200501T181500Z,https://s4.reutersmedia.net/resources_v2/images/rcom-default.png,reuters.com,English,United States
https://www.americanprogress.org/issues/green/reports/2020/05/01/484420/impacts-climate-change-trump-administrations-anti-environmental-agenda-south-carolina/,,The Impacts of Climate Change and the Trump Administration Anti - Environmental Agenda in South Carolina,20200501T133000Z,https://cdn.americanprogress.org/content/uploads/2020/04/30142423/South-Carolina.png,americanprogress.org,English,United States
https://www.americanprogress.org/issues/green/reports/2020/05/01/484430/impacts-climate-change-trump-administrations-anti-environmental-agenda-virginia/,,The Impacts of Climate Change and the Trump Administration Anti - Environmental Agenda in Virginia,20200501T133000Z,https://cdn.americanprogress.org/content/uploads/2020/04/30144458/Virginia.png,americanprogress.org,English,United States
https://morningconsult.com/2020/05/01/emergency-management-climate-change-response/,,Emergency Managers Hope Pandemic Lessons Will Apply to Climate Preparedness,20200501T151500Z,https://morningconsult.com/wp-content/uploads/2020/04/GettyImages-1207670400.jpg,morningconsult.com,English,United States
http://www.pilotonline.com/entertainment/books/vp-db-book-climate-change-nyt-050320-20200501-r45hltjjdbfqvcia3exyu5fdjm-story.html,https://www.pilotonline.com/entertainment/books/vp-db-book-climate-change-nyt-050320-20200501-r45hltjjdbfqvcia3exyu5fdjm-story.html?outputType=amp,The year you finally read a book about climate change,20200501T123000Z,https://www.pilotonline.com/resizer/Jz9G5Lxf_La0uINWXZyZWLJVk30=/1200x0/top/arc-anglerfish-arc2-prod-tronc.s3.amazonaws.com/public/3VFEJTR6AVB75F4UGBPKZ5OT3U.jpg,pilotonline.com,English,United States
https://www.americanprogress.org/issues/green/reports/2020/05/01/484425/impacts-climate-change-trump-administrations-anti-environmental-agenda-tennessee/,,The Impacts of Climate Change and the Trump Administration Anti - Environmental Agenda in Tennessee,20200501T133000Z,https://cdn.americanprogress.org/content/uploads/2020/04/30143540/Tennessee.png,americanprogress.org,English,United States
https://www.haberturk.com/kent-arastirmalari-enstitusu-nden-kovid-19-ve-sehirler-calismasi-2665058,https://m.haberturk.com/kent-arastirmalari-enstitusu-nden-kovid-19-ve-sehirler-calismasi-2665058,Kent Araştırmaları Enstitüsü  nden,20200501T110000Z,https://im.haberturk.com/2020/05/01/ver1588329505/2665058_620x410.jpg,haberturk.com,Turkish,Turkey
https://theweek.com/articles/911893/need-blow-economy-stop-climate-change,https://theweek.com/articles-amp/911893/need-blow-economy-stop-climate-change,Do we need to blow up the economy to stop climate change ? ,20200501T100000Z,https://images.theweek.com/sites/default/files/styles/tw_image_9_4/public/half_pollution.jpg?itok=-Ra0DA9b,theweek.com,English,United States
https://www.latimes.com/opinion/op-ed/la-oe-wolak-stanford-divestment-carbon-20140516-story.html,https://www.latimes.com/opinion/op-ed/la-oe-wolak-stanford-divestment-carbon-20140516-story.html?_amp=true,"Op - Ed : Memo to Stanford : Dont attack coal , attack carbon with a tax",20200501T134500Z,https://california-times-brightspot.s3.amazonaws.com/d4/b1/881e7311914c3c0f6ebc3b9936dd/la-oe-wolak-stanford-divestment-carbon-2014051-001,latimes.com,English,United States
https://www.ctvnews.ca/business/meet-tiff-macklem-the-new-bank-of-canada-governor-1.4920392,https://beta.ctvnews.ca/national/business/2020/5/1/1_4920392.html,Morneau names Tiff Macklem new Bank of Canada governor,20200501T174500Z,https://www.ctvnews.ca/polopoly_fs/1.4920536.1588345201!/httpImage/image.jpg_gen/derivatives/landscape_620/image.jpg,ctvnews.ca,English,Canada
https://thediplomat.com/2020/05/in-the-indian-sundarbans-the-sea-is-coming/,,"In the Indian Sundarbans , the Sea Is Coming",20200501T131500Z,https://thediplomat.com/wp-content/uploads/2020/05/sizes/td-story-s-2/thediplomat-2020-05-01.jpg,thediplomat.com,English,China
https://www.cnbc.com/2020/05/01/interactive-tool-how-coronavirus-pandemic-affecting-climate-change.html,https://www.cnbc.com/amp/2020/05/01/interactive-tool-how-coronavirus-pandemic-affecting-climate-change.html,Interactive tool : How coronavirus pandemic affecting climate change,20200501T230000Z,https://image.cnbcfm.com/api/v1/image/106516218-1588357144322aces2.jpg?v=1588357166,cnbc.com,English,United States
https://www.reuters.com/article/us-health-coronavirus-thunberg/activist-thunberg-helps-launch-effort-protecting-children-from-covid-19-idUSKBN22C0NO,https://mobile.reuters.com/article/amp/idUSKBN22C0NO,Greta Thunberg helps launch UN campaign to protect children from COVID - 19,20200501T151500Z,https://s3.reutersmedia.net/resources/r/?m=02&d=20200430&t=2&i=1516970223&r=LYNXMPEG3T0BN,reuters.com,English,United States
https://www.independent.co.uk/arts-entertainment/films/news/robert-redford-trump-coronavirus-science-crisis-response-a9494711.html,https://www.independent.co.uk/arts-entertainment/films/news/robert-redford-trump-coronavirus-science-crisis-response-a9494711.html?amp,Robert Redford blasts Trump response to coronavirus :  He failed to understand scientific consensus  ,20200501T180000Z,https://static.independent.co.uk/s3fs-public/thumbnails/image/2020/05/01/16/gettyimages-854895950.jpg,independent.co.uk,English,United Kingdom
http://www.dailypress.com/entertainment/books/vp-db-book-climate-change-nyt-050320-20200501-r45hltjjdbfqvcia3exyu5fdjm-story.html,https://www.dailypress.com/entertainment/books/vp-db-book-climate-change-nyt-050320-20200501-r45hltjjdbfqvcia3exyu5fdjm-story.html?outputType=amp,The year you finally read a book about climate change,20200501T141500Z,https://www.dailypress.com/resizer/Jz9G5Lxf_La0uINWXZyZWLJVk30=/1200x0/top/arc-anglerfish-arc2-prod-tronc.s3.amazonaws.com/public/3VFEJTR6AVB75F4UGBPKZ5OT3U.jpg,dailypress.com,English,United States
https://article.wn.com/view/2020/05/01/UN_Chief_World_Should_Follow_South_Korea_on_COVID19_Fight_pk/,,U . N . Chief : World Should Follow South Korea on COVID - 19 Fight,20200501T133000Z,https://ecdn6.wn.com/o25/ph/img/37/db/d48bd384f078950712c7c3f797b2-grande.jpg,article.wn.com,English,United States
https://www.haberler.com/kent-arastirmalari-enstitusu-nden-kovid-19-ve-13179341-haberi/,https://www.haberler.com/amp/kent-arastirmalari-enstitusu-nden-kovid-19-ve-13179341-haberi/,Kent Araştırmaları Enstitüsü  nden  Kovid - 19 ve Şehirler  çalışması,20200501T104500Z,https://foto.haberler.com/haber/2020/05/01/kent-arastirmalari-enstitusu-nden-kovid-19-ve-13179341_local.jpg,haberler.com,Turkish,Turkey
http://www.ogunhaber.com/genel/kent-arastirmalari-enstitusunden-kovid-19-ve-sehirler-calismasi-2011703h.html,http://www.ogunhaber.com/amp/genel/kent-arastirmalari-enstitusunden-kovid-19-ve-sehirler-calismasi-2011703h.html,Kent Araştırmaları Enstitüsü  nden  Kovid - 19 ve Şehirler  çalışması,20200501T113000Z,http://www.ogunhaber.com/upload/img/2020/05/01/f80d123d-a4e5-4171-ba45-017072296112.jpg,ogunhaber.com,Turkish,Turkey
https://www.newsbusters.org/blogs/culture/gabriel-hays/2020/05/01/30-million-lose-jobs-robert-redford-sees-environmental,,"As 30 Million Lose Jobs , Robert Redford Sees Environmental Salvation in Lockdown",20200501T220000Z,https://cdn.newsbusters.org/images/redford_0.png,newsbusters.org,English,United States
https://edmontonsun.com/news/national/morneau-names-tiff-macklem-new-bank-of-canada-governor/wcm/9749c23b-91f4-4c17-b920-ef8ed329b307,https://edmontonsun.com/news/national/morneau-names-tiff-macklem-new-bank-of-canada-governor/wcm/9749c23b-91f4-4c17-b920-ef8ed329b307/amp,Morneau names Tiff Macklem new Bank of Canada governor,20200501T193000Z,https://postmediacalgarysun.files.wordpress.com/2020/05/tiff-macklem-e1588341175344.jpg,edmontonsun.com,English,Canada
https://finance.yahoo.com/news/norway-wealth-fund-backs-barclays-085413894.html,https://finance.yahoo.com/amphtml/news/norway-wealth-fund-backs-barclays-085413894.html,Norway wealth fund backs Barclays climate goals amid investor pressure,20200501T091500Z,https://s.yimg.com/uu/api/res/1.2/nxgZ7sfVNcyUXI564dxG5A--~B/aD01MDM7dz04MDA7c209MTthcHBpZD15dGFjaHlvbg--/https://media.zenfs.com/en-US/reuters.com/457b9fa1575800fe0b8aec3b4b2cd272,finance.yahoo.com,English,United States
https://www.nytimes.com/reuters/2020/05/01/business/01reuters-norway-swf-barclays.html,,Norway Wealth Fund Backs Barclays Climate Goals Amid Investor Pressure,20200501T153000Z,,nytimes.com,English,United States
https://www.t-online.de/region/id_87802884/staedte-mahnen-klimaschutz-auch-in-corona-krise-an.html,https://www.t-online.de/region/id_87802884/tid_amp/staedte-mahnen-klimaschutz-auch-in-corona-krise-an.html,Städte mahnen Klimaschutz auch in Corona - Krise an,20200501T083000Z,https://stats.t-online.de/b/85/47/86/68/id_85478668/tid_da/index.png,t-online.de,German,Germany
https://www.welt.de/regionales/baden-wuerttemberg/article207651571/Staedte-mahnen-Klimaschutz-auch-in-Corona-Krise-an.html,https://amp.welt.de/regionales/baden-wuerttemberg/article207651571/Staedte-mahnen-Klimaschutz-auch-in-Corona-Krise-an.html,Städte mahnen Klimaschutz auch in Corona - Krise an,20200501T091500Z,https://www.welt.de/img/masters/mobile160492822/7651629427-ci16x9-w1200/welt-fallback-jpg.jpg,welt.de,German,Germany
https://www.jagran.com/world/america-guterres-said-country-should-follow-south-korea-model-to-deal-with-corona-20236242.html,https://m.jagran.com/lite/world/america-guterres-said-country-should-follow-south-korea-model-to-deal-with-corona-20236242.html,Guterres said country should follow South Korea model to deal with Corona,20200501T133000Z,https://www.jagranimages.com/images/newimg/01052020/01_05_2020-un1_20236242.jpg,jagran.com,Hindi,India
https://www.timescolonist.com/news/local/article-defamed-weaver-b-c-court-of-appeal-finds-1.24127405,,"Article defamed Weaver , B . C . Court of Appeal finds",20200501T000000Z,https://images.glaciermedia.ca/polopoly_fs/1.23969786.1574900178!/fileImage/httpImage/image.jpg_gen/derivatives/facebookogimage_560_292/vka-education-0138-jpg.jpg,timescolonist.com,English,Canada
https://www.timescolonist.com/news/local/article-defamed-andrew-weaver-b-c-court-of-appeal-finds-1.24127405,,"Article defamed Andrew Weaver , B . C . Court of Appeal finds",20200501T023000Z,https://images.glaciermedia.ca/polopoly_fs/1.23969786.1574900178!/fileImage/httpImage/image.jpg_gen/derivatives/facebookogimage_560_292/vka-education-0138-jpg.jpg,timescolonist.com,English,Canada
https://www.karjalainen.fi/uutiset/uutis-alueet/kotimaa/item/249394,,Pministeripuoluetta johtava Rinne puolusti hallitusohjelmaa ja kiitti vappupuheessa  terveydenhuollon eturintamaa  ,20200501T174500Z,https://www.karjalainen.fi/media/k2/items/cache/e0913a75114b19c2c50522575dcb8361_M.jpg,karjalainen.fi,Finnish,Finland
https://www.pressreleasepoint.com/balancing-impacts-range-shifting-species-invasive-disruption-vs-biodiversity-benefits,,Balancing Impacts of Range - shifting Species : Invasive Disruption vs . Biodiversity Benefits,20200501T180000Z,,pressreleasepoint.com,English,United States
https://www.badische-zeitung.de/staedte-mahnen-klimaschutz-auch-in-corona-krise-an,,Städte mahnen Klimaschutz auch in Corona - Krise an - Baden - Württemberg,20200501T094500Z,https://img.badische-zeitung.de/images/facebook/bzo1200.jpg,badische-zeitung.de,German,Germany
https://www.iltalehti.fi/politiikka/a/cf993743-d4fd-466b-a9cb-3117b4863bbe,,"Rinne : Vaikka muuta väitettäisiin , 600 000 pienituloisen eläke on noussut",20200501T120000Z,"https://img.ilcdn.fi/pxAxHyfT-pghbFkR48_t8vdrR0k=/1200x630/top/filters:watermark(https://assets.ilcdn.fi/ilsome_v2.jpg,25,0,0)/img-s3.ilcdn.fi/507f329e124f9f9de1b94cd5fe3a9a782aba50a232abae4716bf1f33c38ba5d7.jpg",iltalehti.fi,Finnish,Finland
https://www.insight.co.kr/news/281837,https://m.insight.co.kr/news/281837,유엔 사무총장  한국 코로나19 대응은 세계가 따라야 할 모범  ,20200501T103000Z,https://img.insight.co.kr/static/2020/05/01/1200/2e77rqa8u3szf084u10g.jpg,insight.co.kr,Korean,South Korea
https://g1.globo.com/pi/piaui/noticia/2020/05/01/onu-disponibiliza-aplicativo-para-monitoramento-do-coronavirus-em-teresina.ghtml,https://g1.globo.com/google/amp/pi/piaui/noticia/2020/05/01/onu-disponibiliza-aplicativo-para-monitoramento-do-coronavirus-em-teresina.ghtml,ONU disponibiliza aplicativo para monitoramento do coronavírus em Teresina,20200501T164500Z,https://s2.glbimg.com/1XL_MoLrW3otLCyZx1cQbpwcmT4=/1200x/smart/filters:cover():strip_icc()/i.s3.glbimg.com/v1/AUTH_59edd422c0c84a879bd37670ae4f538a/internal_photos/bs/2019/P/r/ouB6B7TiuYQzovNeDXNQ/60243e08-bda4-4b5b-a5fb-e796ffd4a0b0.jpg,g1.globo.com,Portuguese,Brazil
https://www.wri.org/events/2020/05/webinar-build-back-better-resilience-vulnerable-populations,,Webinar : Build Back Better : Resilience of Vulnerable Populations and COVID - 19,20200501T181500Z,,wri.org,English,United States
https://www.konhaber.com/haber-kent_arastirmalari_enstitusu_nden_kovid_19_ve_sehirler_calismasi-1348581.html,https://www.konhaber.com/amp/haber-kent_arastirmalari_enstitusu_nden_kovid_19_ve_sehirler_calismasi-1348581,Kent Araştırmaları Enstitüsü  nden  Kovid - 19 ve Şehirler  çalışması,20200501T110000Z,,konhaber.com,Turkish,Turkey
https://www.finanznachrichten.de/nachrichten-2020-05/49537794-leaders4good-nico-rosberg-spricht-mit-den-formel-e-chefs-alejandro-agag-und-jamie-reigle-ueber-die-auswirkungen-der-corona-krise-007.htm,,Leaders4Good : Nico Rosberg spricht mit den Formel - E - Chefs Alejandro Agag und Jamie Reigle über die Auswirkungen der Corona - Krise,20200501T110000Z,https://fns1.de/g/fb.png,finanznachrichten.de,German,Germany
https://sn.dk/Danmark/Skipper-Vi-skal-holde-fast-i-klimaambitioner-trods-corona/artikel/938434,,Skipper : Vi skal holde fast i klimaambitioner trods corona,20200501T074500Z,,sn.dk,Danish,Denmark
https://news.trust.org/item/20200501163253-ak47u,,Next risk ? Coronavirus pandemic underscores climate health ... ,20200501T173000Z,"https://d8zcwdvc14g2e.cloudfront.net/contentAsset/image/fd39b3ad-b8fc-454e-9788-1af005305f6f/image/byInode/1/filter/Resize,Jpeg/jpeg_q/70/resize_w/1400",news.trust.org,English,United States
https://www.ots.at/presseaussendung/OTS_20200501_OTS0035/leaders4good-nico-rosberg-spricht-mit-den-formel-e-chefs-alejandro-agag-und-jamie-reigle-ueber-die-auswirkungen-der-corona-krise,https://www.ots.at/amp/pr/OTS_20200501_OTS0035/, # Leaders4Good : Nico Rosberg spricht mit den Formel - E - Chefs Alejandro Agag und Jamie Reigle über die Auswirkungen der Corona - Krise,20200501T104500Z,,ots.at,German,Austria
https://www.thenewsherald.com/opinion/we-can-save-the-planet-without-destroying-the-economy/article_cd2295f4-88c0-11ea-8543-e37d9b4e50e3.html,,We can save the planet without destroying the economy,20200501T144500Z,https://bloximages.chicago2.vip.townnews.com/thenewsherald.com/content/tncms/assets/v3/editorial/3/47/34777d0c-895a-11ea-8927-83a2f2a2efae/5ea839a6d07f3.image.jpg,thenewsherald.com,English,United States
https://www.swp.de/suedwesten/landespolitik/staedte-mahnen-klimaschutz-auch-in-corona-krise-an-45885123.html,https://www.swp.de/suedwesten/landespolitik/staedte-mahnen-klimaschutz-auch-in-corona-krise-an-45885123.html?_XML=AMP,Städte mahnen Klimaschutz auch in Corona - Krise an,20200501T110000Z,,swp.de,German,Germany
https://www.thenews.com.pk/latest/652579-green-pakistan-offers-chance-to-unemployed,https://www.thenews.com.pk/amp/652579-green-pakistan-offers-chance-to-unemployed,Coronavirus fight : Pakistan hires the unemployed to plant trees,20200501T021500Z,https://www.thenews.com.pk/assets/uploads/updates/2020-05-01/l_652579_065748_updates.jpg,thenews.com.pk,English,Pakistan
https://www.americanprogress.org/issues/green/reports/2020/05/01/484394/impacts-climate-change-trump-administrations-anti-environmental-agenda-minnesota/,,The Impacts of Climate Change and the Trump Administration Anti - Environmental Agenda in Minnesota,20200501T133000Z,https://cdn.americanprogress.org/content/uploads/2020/04/30141214/Minnesota.png,americanprogress.org,English,United States
https://uk.reuters.com/uk.reuters.com/article/uk-norway-swf-barclays/norway-wealth-fund-backs-barclays-climate-goals-amid-investor-pressure-idUKKBN22D4M7,https://uk.mobile.reuters.com/article/amp/idUKKBN22D4M7,Norway wealth fund backs Barclays climate goals amid investor pressure,20200501T113000Z,https://s4.reutersmedia.net/resources/r/?m=02&d=20200501&t=2&i=1517127759&r=LYNXMPEG402TR,uk.reuters.com,English,United States
https://www.reuters.com/article/us-norway-swf-barclays/norway-wealth-fund-backs-barclays-climate-goals-amid-investor-pressure-idUSKBN22D4LX,https://mobile.reuters.com/article/amp/idUSKBN22D4LX,Norway wealth fund backs Barclays climate goals amid investor pressure,20200501T084500Z,https://s3.reutersmedia.net/resources/r/?m=02&d=20200501&t=2&i=1517127128&r=LYNXMPEG402TK,reuters.com,English,United States
https://uk.reuters.com/article/uk-norway-swf-barclays/norway-wealth-fund-backs-barclays-climate-goals-amid-investor-pressure-idUKKBN22D4M7,https://uk.mobile.reuters.com/article/amp/idUKKBN22D4M7,Norway wealth fund backs Barclays climate goals amid investor pressure,20200501T081500Z,https://s4.reutersmedia.net/resources/r/?m=02&d=20200501&t=2&i=1517127759&r=LYNXMPEG402TR,uk.reuters.com,English,United States
https://in.reuters.com/article/norway-swf-barclays/norway-wealth-fund-backs-barclays-climate-goals-amid-investor-pressure-idINKBN22D4VW,https://in.mobile.reuters.com/article/amp/idINKBN22D4VW,Norway wealth fund backs Barclays climate goals amid investor pressure,20200501T100000Z,https://s2.reutersmedia.net/resources/r/?m=02&d=20200501&t=2&i=1517132355&r=LYNXMPEG4031C,in.reuters.com,English,United States
https://tribune.com.pk/story/2210973/6-jungle-workers/,https://tribune.com.pk/story/2210973/6-jungle-workers/?amp=1,  Jungle worker | The Express Tribune,20200501T044500Z,,tribune.com.pk,English,Pakistan
https://tribune.com.pk/story/2210973/jungle-workers/,https://tribune.com.pk/story/2210973/6-jungle-workers/?amp=1,  Jungle worker | The Express Tribune,20200501T044500Z,,tribune.com.pk,English,Pakistan
https://www.sciencedaily.com/releases/2020/04/200430113003.htm,,Some of the latest climate models provide unrealistically high projections of future warming,20200501T031500Z,,sciencedaily.com,English,United States
https://www.arabianbusiness.com/retail/445996-dubai-welcomes-first-in-store-hydroponic-farm-by-majid-al-futtaim,https://amp.arabianbusiness.com/amp/article_listing/aben/retail/445996-dubai-welcomes-first-in-store-hydroponic-farm-by-majid-al-futtaim,Dubai welcomes first in - store hydroponic farm by Majid Al Futtaim,20200501T141500Z,https://www.arabianbusiness.com/public/images/2020/03/25/Carrefour-supermarket.jpg,arabianbusiness.com,English,Saudi Arabia
https://www.thestranger.com/events/43526682/dahr-jamail-the-end-of-ice,,Dahr Jamail : The End of Ice,20200501T031500Z,https://media2.fdncms.com/stranger/imager/u/original/43526674/original-92207988_10157407525023472_8599912432388800512_n.jpg,thestranger.com,English,United States
https://920whjj.iheart.com/content/2020-05-01-research-vessel-isolated-in-atlantic-as-coronavirus-pandemic-took-hold/,https://newsradiori.iheart.com/alternate/amp/2020-05-01-research-vessel-isolated-in-atlantic-as-coronavirus-pandemic-took-hold/,Research Vessel Isolated In Atlantic As Coronavirus Pandemic Took Hold,20200501T091500Z,"https://i.iheart.com/v3/re/new_assets/5e20305734e5ee56580c2fc7?ops=gravity(%22north%22),fit(740,416),quality(65)",920whjj.iheart.com,English,United States
https://grist.org/justice/study-rising-temperatures-will-double-the-risk-to-farmworkers-in-the-coming-decades/,https://grist.org/justice/study-rising-temperatures-will-double-the-risk-to-farmworkers-in-the-coming-decades/amp/,Study : Rising temperatures will double the risk to farmworkers in the coming decades,20200501T170000Z,https://grist.files.wordpress.com/2020/05/ag-workers.jpg?&crop=1,grist.org,English,United States
https://dailytimes.com.pk/606095/pm-highlights-new-jungle-jobs-for-unemployed-during-pandemic/,https://dailytimes.com.pk/606095/pm-highlights-new-jungle-jobs-for-unemployed-during-pandemic/amp/?utm_source=rss&utm_medium=rss&utm_campaign=pm-highlights-new-jungle-jobs-for-unemployed-during-pandemic,PM highlights new  jungle job for unemployed during pandemic,20200501T231500Z,https://dailytimes.com.pk/assets/uploads/2020/05/01/PMMMMM.jpg,dailytimes.com.pk,English,Pakistan
https://www.winnipegfreepress.com/canada/canadian-press-newsalert-morneau-names-tiff-macklem-new-bank-of-canada-governor-570110822.html,,"Tiff Macklem returns to Bank of Canada , this time to take top job as governor",20200501T224500Z,https://media.winnipegfreepress.com/images/DPI10960969.jpg,winnipegfreepress.com,English,Canada
https://www.tagblatt.de/Nachrichten/Staedte-mahnen-Klimaschutz-auch-in-Corona-Krise-an-456128.html,,Städte mahnen Klimaschutz auch in Corona - Krise an,20200501T130000Z,,tagblatt.de,German,Germany
https://www.futurity.org/animal-based-food-greenhouse-gas-emissions-climate-change-2353382/,,50 % less animal - based food gets US 25 % closer to climate goal,20200501T011500Z,https://www.futurity.org/wp/wp-content/uploads/2020/04/animal-based-food-greenhouse-gas-emissions_1600.jpg,futurity.org,English,United States
https://www.cbc.ca/news/technology/what-on-earth-newsletter-covid-19-cities-climate-change-1.5550950,https://www.cbc.ca/amp/1.5550950,"As cities fight COVID - 19 , could climate action take a back seat ? ",20200501T020000Z,https://i.cbc.ca/1.5550982.1588270531!/fileImage/httpImage/image.jpg_gen/derivatives/16x9_620/bus-and-cars.jpg,cbc.ca,English,Canada
https://www.prajavani.net/stories/international/un-chief-world-should-follow-south-korea-on-covid-19-fight-724261.html,https://www.prajavani.net/amp/stories/international/un-chief-world-should-follow-south-korea-on-covid-19-fight-724261.html,ಕೋವಿಡ್‌ – 19 ಹೋರಾಟಕ್ಕೆ ದಕ್ಷಿಣ ಕೊರಿಯಾ ಮಾದರಿ : ಗುಟೆರಸ್‌,20200501T203000Z,https://www.prajavani.net/sites/pv/files/article_images/2020/05/01/file7959lgi2ksou28k22aa_1586546581_1588357687.jpg,prajavani.net,Kannada,India
https://www.independent.co.uk/independentpremium/business/coronavirus-sustainable-shopping-food-waste-global-environment-remote-working-accenture-institute-of-a9494081.html,,Remote working and sustainable shopping : two polls have found silver linings amidst the coronorvirus clouds,20200501T234500Z,https://static.independent.co.uk/s3fs-public/thumbnails/image/2019/09/17/11/foodwaste.jpg,independent.co.uk,English,United Kingdom
https://www.reuters.com/article/canada-cenbank-macklem/newsmaker-new-bank-of-canada-governor-macklem-brings-job-familiarity-with-green-touch-idUSL1N2CJ0TE,https://mobile.reuters.com/article/amp/idUSL1N2CJ0TE,NEWSMAKER - New Bank of Canada governor Macklem brings job familiarity with green touch,20200501T173000Z,https://s4.reutersmedia.net/resources_v2/images/rcom-default.png,reuters.com,English,United States
https://www.theadvocate.com/baton_rouge/opinion/article_f99c31c2-866c-11ea-b8ad-774cd66c641c.html,https://www.theadvocate.com/baton_rouge/opinion/article_f99c31c2-866c-11ea-b8ad-774cd66c641c.amp.html,Guest column : How to plan better for a brighter future,20200501T021500Z,https://bloximages.newyork1.vip.townnews.com/theadvocate.com/content/tncms/assets/v3/editorial/6/de/6de285ce-e43f-5af4-9076-ff70a334d5ea/575196d6187de.image.jpg,theadvocate.com,English,United States
https://www.worldjewishcongress.org/en/news/unkept-promises-israels-implementation-of-its-international-climate-change-commitments-5-5-2020,,Unkept Promises : Israel Implementation of Its International Climate Change Commitments,20200501T154500Z,https://wjc.imgix.net/production/image_attachment/file/18461/dead-sea.jpg?ixlib=rails-3.0.2&fit=crop&q=60&auto=format&lossless=true&s=5b9ff3085eaf1ae18c0e0d6b6cc2d518,worldjewishcongress.org,English,Israel
https://www.sciencealert.com/fossils-reveal-our-ocean-is-changing-in-a-ways-it-hasn-t-for-10-000-years,https://www.sciencealert.com/fossils-reveal-our-ocean-is-changing-in-a-ways-it-hasn-t-for-10-000-years/amp,"Seafloor Discovery Shows The Ocean Undergoing a Change Not Seen in 10 , 000 Years",20200501T230000Z,https://www.sciencealert.com/images/2020-04/processed/OceanFloorFossilsRevealCurrentChanges_1024.jpg,sciencealert.com,English,United States
http://www.newstomato.com/ReadNews.aspx?no=969606,,"유엔 사무총장  코로나19 대응 , 한국 모범 사례 따라야  ",20200501T063000Z,,newstomato.com,Korean,South Korea
https://www.elobservador.com.uy/nota/-cuan-grave-es-el-cambio-climatico-en-estos-momentos--2020511652,, ¿ Cuán grave es el cambio climático en estos momentos ? ,20200501T200000Z,https://media.cdnp.elobservador.com.uy/052020/1588359815454.jpg?&cw=600&ch=365,elobservador.com.uy,Spanish,Uruguay
https://www.multimedios.com/television/la-india-yuridia-acamaxochitl-me-hace-todos-mis-vestuarios,https://www.multimedios.com/television/la-india-yuridia-acamaxochitl-me-hace-todos-mis-vestuarios?amp,"  La India Yuridia ,  Acamaxochitl me hace todos mis vestuarios  ",20200501T044500Z,,multimedios.com,Spanish,Mexico
https://www.tovima.gr/2020/05/01/opinions/rekviem-sti-siopili-anoiksi/,https://www.tovima.gr/2020/05/01/opinions/rekviem-sti-siopili-anoiksi/amp/,Ρέκβιεμ στη « σιωπηλή άνοιξη » - Ειδήσεις - νέα,20200501T053000Z,,tovima.gr,Greek,Greece
https://news.trust.org/item/20200501070527-hgdjw,,Norway wealth fund backs Barclays climate goals amid ... ,20200501T081500Z,"https://d8zcwdvc14g2e.cloudfront.net/contentAsset/image/d09dcab9-06f1-4717-bd19-432e2eeacfe1/image/byInode/1/filter/Resize,Jpeg/jpeg_q/70/resize_w/1400",news.trust.org,English,United States
https://in.reuters.com/article/jp-morgan-agm-proxy/iss-gives-cautionary-backing-for-jpmorgan-lead-director-raymond-idINKBN22D4D9,https://in.mobile.reuters.com/article/amp/idINKBN22D4D9,ISS gives  cautionary  backing for JPMorgan lead director Raymond,20200501T051500Z,https://s4.reutersmedia.net/resources_v2/images/rcom-default.png,in.reuters.com,English,United States
https://www.telemundo51.com/tag/jeff-bezos/,,Jeff Bezos – Telemundo Miami ( 51 ) ,20200501T200000Z,,telemundo51.com,Spanish,United States
https://www.wect.com/2020/04/30/un-chief-world-should-follow-south-korea-covid-fight/,/2020/04/30/un-chief-world-should-follow-south-korea-covid-fight/?outputType=amp,UN chief : World should follow South Korea on COVID - 19 fight,20200501T020000Z,https://www.wect.com/resizer/KJUiy3N2O4O9XCkITc0LrLGTW50=/1200x0/arc-anglerfish-arc2-prod-raycom.s3.amazonaws.com/public/6ZDWNCHSW5GFTB4N4IK4S5LQC4.jpg,wect.com,English,United States
https://www.macrobusiness.com.au/2020/05/aussie-manufacturing-pmi-craters/,https://amp.macrobusiness.com.au/?url=https://www.macrobusiness.com.au/2020/05/aussie-manufacturing-pmi-craters/,Aussie manufacturing PMI craters - MacroBusiness,20200501T020000Z,https://www.macrobusiness.com.au/wp-content/uploads/2020/05/srths.png,macrobusiness.com.au,English,Australia
https://www.finanznachrichten.de/nachrichten-2020-05/49537775-new-michael-moore-film-claims-environmental-leaders-sold-out-to-corporate-interests-451.htm,,New Michael Moore film claims environmental leaders  sold out to corporate interests  ,20200501T110000Z,https://fns1.de/g/fb.png,finanznachrichten.de,English,Germany
https://www.hawaiinewsnow.com/2020/04/30/un-chief-world-should-follow-south-korea-covid-fight/,/2020/04/30/un-chief-world-should-follow-south-korea-covid-fight/?outputType=amp,UN chief : World should follow South Korea on COVID - 19 fight,20200501T044500Z,https://www.hawaiinewsnow.com/resizer/KJUiy3N2O4O9XCkITc0LrLGTW50=/1200x0/arc-anglerfish-arc2-prod-raycom.s3.amazonaws.com/public/6ZDWNCHSW5GFTB4N4IK4S5LQC4.jpg,hawaiinewsnow.com,English,United States
https://www.nbc12.com/2020/04/30/un-chief-world-should-follow-south-korea-covid-fight/,/2020/04/30/un-chief-world-should-follow-south-korea-covid-fight/?outputType=amp,UN chief : World should follow South Korea on COVID - 19 fight,20200501T051500Z,https://www.nbc12.com/resizer/KJUiy3N2O4O9XCkITc0LrLGTW50=/1200x0/arc-anglerfish-arc2-prod-raycom.s3.amazonaws.com/public/6ZDWNCHSW5GFTB4N4IK4S5LQC4.jpg,nbc12.com,English,United States
https://www.bbc.com/zhongwen/simp/world-52506425,https://www.bbc.com/zhongwen/simp/amp/world-52506425,肺炎疫情中的反思 从隔离孤独感联想气候变化 - BBC News 中文,20200501T161500Z,https://ichef.bbci.co.uk/news/1024/branded_zhongwen/1E07/production/_112078670_9232ca8c-e527-4284-9b63-d8afcd789181.jpg,bbc.com,Chinese,United Kingdom
https://www.wistv.com/2020/04/30/un-chief-world-should-follow-south-korea-covid-fight/,/2020/04/30/un-chief-world-should-follow-south-korea-covid-fight/?outputType=amp,UN chief : World should follow South Korea on COVID - 19 fight,20200501T051500Z,https://www.wistv.com/resizer/KJUiy3N2O4O9XCkITc0LrLGTW50=/1200x0/arc-anglerfish-arc2-prod-raycom.s3.amazonaws.com/public/6ZDWNCHSW5GFTB4N4IK4S5LQC4.jpg,wistv.com,English,United States
https://elpais.com/economia/2020-04-30/otro-modelo-es-necesario.html,https://elpais.com/economia/2020-04-30/otro-modelo-es-necesario.html?outputType=amp,Otro modelo es necesario,20200501T121500Z,https://imagenes.elpais.com/resizer/PCjtL8wcJbXytFua9zdfIAYmduQ=/1000x0/filters:focal(2115x1425:2125x1435)/arc-anglerfish-eu-central-1-prod-prisa.s3.amazonaws.com/public/63PHBMKZE5FTJB6FCLFTCEQGY4.JPG,elpais.com,Spanish,Spain
https://uk.reuters.com/article/uk-jp-morgan-agm-proxy/iss-gives-cautionary-backing-for-jpmorgan-lead-director-raymond-idUKKBN22D4DD,https://uk.mobile.reuters.com/article/amp/idUKKBN22D4DD,ISS gives  cautionary  backing for JPMorgan lead director Raymond,20200501T044500Z,https://s4.reutersmedia.net/resources_v2/images/rcom-default.png,uk.reuters.com,English,United States
https://www.geo.tv/latest/285863-world-economic-forum-acknowledges-pm-imrans-green-stimulus-package-as-win-win,,World Economic Forum acknowledges PM Imran  Green stimulu package as  win - win  ,20200501T100000Z,https://www.geo.tv/assets/uploads/updates/2020-05-01/285863_125505_updates.jpg,geo.tv,English,Pakistan
https://www.wmbfnews.com/2020/04/30/un-chief-world-should-follow-south-korea-covid-fight/,/2020/04/30/un-chief-world-should-follow-south-korea-covid-fight/?outputType=amp,UN chief : World should follow South Korea on COVID - 19 fight,20200501T030000Z,https://www.wmbfnews.com/resizer/KJUiy3N2O4O9XCkITc0LrLGTW50=/1200x0/arc-anglerfish-arc2-prod-raycom.s3.amazonaws.com/public/6ZDWNCHSW5GFTB4N4IK4S5LQC4.jpg,wmbfnews.com,English,United States
https://www.heraldsun.com.au/news/breaking-news/albanese-backing-bega-mayor-in-byelection/news-story/a8df348f5d69a84993261a95195d2ac4?nk=f73df54eaba5c662047c3fed79ac48c4-1588314606,https://amp.heraldsun.com.au/news/breaking-news/albanese-backing-bega-mayor-in-byelection/news-story/a8df348f5d69a84993261a95195d2ac4,Albanese backing Bega mayor in by - election,20200501T074500Z,https://cdn.newsapi.com.au/image/v1/8a822a37c2efc6ab060bcead1b630909,heraldsun.com.au,English,Australia
https://www.theaustralian.com.au/news/latest-news/albanese-backing-bega-mayor-in-byelection/news-story/a8df348f5d69a84993261a95195d2ac4?nk=c275f284617dd88c5d6547e18d0ad9cf-1588313877,https://amp.theaustralian.com.au/news/latest-news/albanese-backing-bega-mayor-in-byelection/news-story/a8df348f5d69a84993261a95195d2ac4,Albanese backing Bega mayor in by - election,20200501T063000Z,,theaustralian.com.au,English,Australia
https://www.cleveland19.com/2020/04/30/un-chief-world-should-follow-south-korea-covid-fight/,/2020/04/30/un-chief-world-should-follow-south-korea-covid-fight/?outputType=amp,UN chief : World should follow South Korea on COVID - 19 fight,20200501T020000Z,https://www.cleveland19.com/resizer/KJUiy3N2O4O9XCkITc0LrLGTW50=/1200x0/arc-anglerfish-arc2-prod-raycom.s3.amazonaws.com/public/6ZDWNCHSW5GFTB4N4IK4S5LQC4.jpg,cleveland19.com,English,United States
https://www.nbc29.com/2020/04/30/un-chief-world-should-follow-south-korea-covid-fight/,/2020/04/30/un-chief-world-should-follow-south-korea-covid-fight/?outputType=amp,UN chief : World should follow South Korea on COVID - 19 fight,20200501T021500Z,https://www.nbc29.com/resizer/KJUiy3N2O4O9XCkITc0LrLGTW50=/1200x0/arc-anglerfish-arc2-prod-raycom.s3.amazonaws.com/public/6ZDWNCHSW5GFTB4N4IK4S5LQC4.jpg,nbc29.com,English,United States
https://www.independent.co.uk/independentpremium/nuclear-power-sea-rise-sizewell-c-edf-suffolk-a9492901.html,,"Sea level rise  could threaten nuclear power station  planned for united kingdom , report claims",20200501T223000Z,https://static.independent.co.uk/s3fs-public/thumbnails/image/2020/04/30/17/sizewell-b.jpg,independent.co.uk,English,United Kingdom
https://www.reuters.com/article/jp-morgan-agm-proxy/rpt-iss-gives-cautionary-backing-for-jpmorgan-lead-director-raymond-idUSL1N2CJ03L,https://mobile.reuters.com/article/amp/idUSL1N2CJ03L,RPT - ISS gives cautionary backing for JPMorgan lead director Raymond,20200501T114500Z,https://s4.reutersmedia.net/resources_v2/images/rcom-default.png,reuters.com,English,United States
https://www.yeniakit.com.tr/haber/birlesmis-milletler-koronavirus-faturasini-onlara-kesti-para-odetme-zamani-geldi-1213684.html,https://m.yeniakit.com.tr/amp/haber/1213684/birlesmis-milletler-koronavirus-faturasini-onlara-kesti-para-odetme-zamani-geldi,Birleşmiş Milletler koronavirüs faturasını onlara kesti : Para ödetme zamanı geldi,20200501T100000Z,https://cdn.yeniakit.com.tr/images/news/625/birlesmis-milletler-koronavirus-faturasini-onlara-kesti-para-odetme-zamani-geldi-h1588323354-bbcedb.jpg,yeniakit.com.tr,Turkish,Turkey
https://www.wmcactionnews5.com/2020/04/30/un-chief-world-should-follow-south-korea-covid-fight/,/2020/04/30/un-chief-world-should-follow-south-korea-covid-fight/?outputType=amp,UN chief : World should follow South Korea on COVID - 19 fight,20200501T020000Z,https://www.wmcactionnews5.com/resizer/KJUiy3N2O4O9XCkITc0LrLGTW50=/1200x0/arc-anglerfish-arc2-prod-raycom.s3.amazonaws.com/public/6ZDWNCHSW5GFTB4N4IK4S5LQC4.jpg,wmcactionnews5.com,English,United States
https://www.houstonchronicle.com/business/fuelfix/business/energy/article/With-oil-reeling-under-pandemic-clean-energy-15237483.php,https://www.houstonchronicle.com/business/energy/amp/With-oil-reeling-under-pandemic-clean-energy-15237483.php,"With oil reeling under pandemic , clean energy looks to capitalize",20200501T150000Z,https://s.hdnux.com/photos/01/11/66/13/19358428/3/rawImage.jpg,houstonchronicle.com,English,United States
https://www.mongabay.co.id/2020/04/30/apel-malang-nasibmu-kini/,https://www.mongabay.co.id/2020/04/30/apel-malang-nasibmu-kini/amp/,"Apel Malang , Nasibmu Kini : Mongabay . co . id",20200501T024500Z,https://www.mongabay.co.id/wp-content/uploads/2020/04/Apel-Malang6-768x490.jpg,mongabay.co.id,Indonesian,Indonesia
https://www.eldiario.com.co/noticias/economia/editorwebeldiario-com-co/el-capitalismo-va-a-necesitar-reparaciones-despues-del-covid-19-moises-naim/,,  El capitalismo va a necesitar reparaciones después del Covid - 19 : Moisés Naim,20200501T080000Z,https://www.eldiario.com.co/wp-content/uploads/2020/05/naim.jpg,eldiario.com.co,Spanish,Colombia
https://www.uusisuomi.fi/uutiset/us/67abb3ef-e653-4c1e-8cba-2498e02583f9,,Koronakriisi on vappupuheiden paihe - Katri Kulmuni välytt työmarkkinoiden uudistuksia ja mittavia teollisia investointeja :  Koronakorvausten maksuun tarvitaan yhteistyöt  ,20200501T084500Z,"https://images.almatalent.fi/cx188,cy0,cw2629,ch1975,400x/https://assets.almatalent.fi/image/d943f1e6-a90a-584a-b6a4-051edad45594",uusisuomi.fi,Finnish,Finland
https://www.uusisuomi.fi/uutiset/koronakriisi-on-vappupuheiden-paaaihe-katri-kulmuni-valayttaa-tyomarkkinoiden-uudistuksia-ja-mittavia-teollisia-investointeja-koronakorvausten-maksuun-tarvitaan-yhteistyota/67abb3ef-e653-4c1e-8cba-2498e02583f9,,Koronakriisi on vappupuheiden paihe - Katri Kulmuni välytt työmarkkinoiden uudistuksia ja mittavia teollisia investointeja :  Koronakorvausten maksuun tarvitaan yhteistyöt  ,20200501T071500Z,"https://images.almatalent.fi/cx188,cy0,cw2629,ch1975,400x/https://assets.almatalent.fi/image/d943f1e6-a90a-584a-b6a4-051edad45594",uusisuomi.fi,Finnish,Finland
https://www.wtoc.com/2020/04/30/un-chief-world-should-follow-south-korea-covid-fight/,/2020/04/30/un-chief-world-should-follow-south-korea-covid-fight/?outputType=amp,UN chief : World should follow South Korea on COVID - 19 fight,20200501T063000Z,https://www.wtoc.com/resizer/KJUiy3N2O4O9XCkITc0LrLGTW50=/1200x0/arc-anglerfish-arc2-prod-raycom.s3.amazonaws.com/public/6ZDWNCHSW5GFTB4N4IK4S5LQC4.jpg,wtoc.com,English,United States
https://www.multimedios.com/television/ninjarin-y-bim-bom-ba-se-dan-con-todo,https://www.multimedios.com/television/ninjarin-y-bim-bom-ba-se-dan-con-todo?amp,  Ninjarín  y  Bim Bom Ba  se dan con todo,20200501T233000Z,,multimedios.com,Spanish,Mexico
https://lampung.tribunnews.com/2020/05/01/viral-di-medsos-kilatan-cahaya-mirip-meteor-melintas-di-langit-lampung,https://lampung.tribunnews.com/amp/2020/05/01/viral-di-medsos-kilatan-cahaya-mirip-meteor-melintas-di-langit-lampung,"Viral di Medsos , Kilatan Cahaya Mirip Meteor Melintas di Langit Lampung",20200501T143000Z,https://cdn2.tstatic.net/lampung/foto/bank/images/viral-di-medsos-kilatan-cahaya-mirip-meteor-melintas-di-langit-lampung.jpg,lampung.tribunnews.com,Indonesian,Indonesia
https://www.reuters.com/article/us-norway-swf-barclays/norway-wealth-fund-to-back-agm-resolution-to-make-barclays-a-net-zero-bank-idUSKBN22D4LX,https://mobile.reuters.com/article/amp/idUSKBN22D4LX,Norway wealth fund to back AGM resolution to make Barclays a  net zero  bank,20200501T064500Z,https://s3.reutersmedia.net/resources/r/?m=02&d=20200501&t=2&i=1517121053&r=LYNXMPEG402TK,reuters.com,English,United States
https://www.theglobeandmail.com/business/article-who-is-tiff-macklem-the-new-bank-of-canada-governor/,,"Who is Tiff Macklem , the new Bank of Canada governor ? ",20200501T151500Z,https://www.theglobeandmail.com/resizer/fhKlrJeEYuSdFqk-7OctyXMUKZM=/1200x0/filters:quality(80)/cloudfront-us-east-1.images.arcpublishing.com/tgam/ZDKNZL35CNPM5NBHE3CC53YHN4.JPG,theglobeandmail.com,English,Canada
https://www.kcbd.com/2020/04/30/un-chief-world-should-follow-south-korea-covid-fight/,/2020/04/30/un-chief-world-should-follow-south-korea-covid-fight/?outputType=amp,UN chief : World should follow South Korea on COVID - 19 fight,20200501T041500Z,https://www.kcbd.com/resizer/KJUiy3N2O4O9XCkITc0LrLGTW50=/1200x0/arc-anglerfish-arc2-prod-raycom.s3.amazonaws.com/public/6ZDWNCHSW5GFTB4N4IK4S5LQC4.jpg,kcbd.com,English,United States
https://www.telemetro.com/nacionales/2020/05/01/impulsan-acciones-y-estrategias-para-frenar-la-degradacion-de-la-biodiversidad/2823214.html,https://www.telemetro.com/nacionales/2020/05/01/impulsan-acciones-y-estrategias-para-frenar-la-degradacion-de-la-biodiversidad/2823214.amp.html,Impulsan acciones y estrategias para frenar la degradación de la biodiversidad,20200501T191500Z,https://static.telemetro.com/clip/0612dc31-ce43-4a61-9e5c-2eff6b021085_16-9-aspect-ratio_default_0.jpg,telemetro.com,Spanish,Panama
https://www.businessinsider.com/sc/call-for-code-seeks-tech-solutions-to-fight-covid-19-2020-5,,IBM Call for Code competition seeks tech solutions to fight COVID - 19,20200501T193000Z,https://i.insider.com/5eab31535f726e19895e07c4?&format=jpeg,businessinsider.com,English,United States
https://www.newschannel10.com/2020/04/30/un-chief-world-should-follow-south-korea-covid-fight/,/2020/04/30/un-chief-world-should-follow-south-korea-covid-fight/?outputType=amp,UN chief : World should follow South Korea on COVID - 19 fight,20200501T054500Z,https://www.newschannel10.com/resizer/KJUiy3N2O4O9XCkITc0LrLGTW50=/1200x0/arc-anglerfish-arc2-prod-raycom.s3.amazonaws.com/public/6ZDWNCHSW5GFTB4N4IK4S5LQC4.jpg,newschannel10.com,English,United States
https://www.theglobeandmail.com/opinion/article-australias-climate-luck-is-moving-north-to-canada/,https://www.theglobeandmail.com/amp/opinion/article-australias-climate-luck-is-moving-north-to-canada/,Opinion : Australia climate luck is moving north to Canada,20200501T164500Z,https://www.theglobeandmail.com/resizer/02-ChWkzQTHeABhI33Idh6FJtWw=/1200x0/filters:quality(80)/cloudfront-us-east-1.images.arcpublishing.com/tgam/EYLKAWHRBVCP5OR5ENVZHIZ5QE.JPG,theglobeandmail.com,English,Canada
https://www.freitag.de/autoren/der-freitag/autos-first-klima-second,,"Zukunft ǀ Autos first , Klima second der Freitag",20200501T043000Z,https://www.freitag.de/autoren/der-freitag/autos-first-klima-second/@@images/image/lead_article,freitag.de,German,Germany
https://www.globalcitizen.org/en/content/covid-19-economy-fight-climate-change/,,7 Ways Countries Can Restart Their Economies to Fight Climate Change,20200501T210000Z,https://media.globalcitizen.org/thumbnails/37/5e/375e333b-372d-4732-bee3-79a651aaf54b/absolutvision-ucmkx2h1y38-unsplash.jpg__1500x670_q85_crop_subsampling-2.jpg,globalcitizen.org,English,United States
https://www.reuters.com/article/us-jp-morgan-agm-proxy/iss-gives-cautionary-backing-for-jpmorgan-lead-director-raymond-idUSKBN22D4D5,https://mobile.reuters.com/article/amp/idUSKBN22D4D5,ISS gives  cautionary  backing for JPMorgan lead director Raymond,20200501T041500Z,https://s4.reutersmedia.net/resources/r/?m=02&d=20200501&t=2&i=1517112785&r=LYNXMPEG402OX,reuters.com,English,United States
https://uk.reuters.com/article/uk-norway-swf-barclays/norway-wealth-fund-to-back-agm-resolution-to-make-barclays-a-net-zero-bank-idUKKBN22D4M7,https://uk.mobile.reuters.com/article/amp/idUKKBN22D4M7,Norway wealth fund to back AGM resolution to make Barclays a  net zero  bank,20200501T064500Z,https://s4.reutersmedia.net/resources/r/?m=02&d=20200501&t=2&i=1517121443&r=LYNXMPEG402TR,uk.reuters.com,English,United States
https://calgarysun.com/news/national/morneau-names-tiff-macklem-new-bank-of-canada-governor/wcm/9749c23b-91f4-4c17-b920-ef8ed329b307,https://calgarysun.com/news/national/morneau-names-tiff-macklem-new-bank-of-canada-governor/wcm/9749c23b-91f4-4c17-b920-ef8ed329b307/amp,Morneau names Tiff Macklem new Bank of Canada governor,20200501T213000Z,https://postmediacalgarysun.files.wordpress.com/2020/05/tiff-macklem-e1588341175344.jpg,calgarysun.com,English,Canada
https://www.kltv.com/2020/04/30/un-chief-world-should-follow-south-korea-covid-fight/,/2020/04/30/un-chief-world-should-follow-south-korea-covid-fight/?outputType=amp,UN chief : World should follow South Korea on COVID - 19 fight,20200501T053000Z,https://www.kltv.com/resizer/KJUiy3N2O4O9XCkITc0LrLGTW50=/1200x0/arc-anglerfish-arc2-prod-raycom.s3.amazonaws.com/public/6ZDWNCHSW5GFTB4N4IK4S5LQC4.jpg,kltv.com,English,United States
https://www.walb.com/2020/04/30/un-chief-world-should-follow-south-korea-covid-fight/,/2020/04/30/un-chief-world-should-follow-south-korea-covid-fight/?outputType=amp,UN chief : World should follow South Korea on COVID - 19 fight,20200501T023000Z,https://www.walb.com/resizer/KJUiy3N2O4O9XCkITc0LrLGTW50=/1200x0/arc-anglerfish-arc2-prod-raycom.s3.amazonaws.com/public/6ZDWNCHSW5GFTB4N4IK4S5LQC4.jpg,walb.com,English,United States
https://www.irishtimes.com/business/economy/john-fitzgerald-accelerate-action-on-climate-change-during-recovery-1.4241816,https://www.irishtimes.com/business/economy/john-fitzgerald-accelerate-action-on-climate-change-during-recovery-1.4241816?mode=amp,John FitzGerald : Accelerate action on climate change during recovery,20200501T040000Z,https://www.irishtimes.com/image-creator/?id=1.4241815&origw=1440,irishtimes.com,English,Ireland
https://lactualite.com/actualites/tiff-macklem-devient-le-nouveau-gouverneur-de-la-banque-du-canada/,,Tiff Macklem devient le nouveau gouverneur de la Banque du Canada,20200501T213000Z,https://lactualite.com/assets/uploads/2020/05/DPI10960969.jpg,lactualite.com,French,Canada
https://www.stltoday.com/opinion/editorial/editorial-short-takes-on-a-climate-change-prophet/article_4f3ddfe3-36eb-5f5e-a8fa-50e46ce0df4a.html,https://www.stltoday.com/opinion/editorial/editorial-short-takes-on-a-climate-change-prophet/article_4f3ddfe3-36eb-5f5e-a8fa-50e46ce0df4a.amp.html,Editorial : Short takes on a climate - change prophet,20200501T214500Z,https://bloximages.newyork1.vip.townnews.com/stltoday.com/content/tncms/assets/v3/editorial/4/18/4188923d-1483-5dda-b31a-879d62bb4530/5cb6455fd506a.image.jpg?crop=848%2C477%2C0%2C44,stltoday.com,English,United States
https://www.reuters.com/article/canada-cenbank-macklem/newsmaker-new-bank-of-canada-governor-macklem-brings-job-familiarity-with-green-touch-idUSL2N2CG274,https://mobile.reuters.com/article/amp/idUSL2N2CG274,NEWSMAKER - New Bank of Canada governor Macklem brings job familiarity with green touch,20200501T144500Z,https://s4.reutersmedia.net/resources_v2/images/rcom-default.png,reuters.com,English,United States
https://www.reuters.com/article/canada-cenbank-macklem-idUSL2N2CG274,https://mobile.reuters.com/article/amp/idUSL2N2CG274,NEWSMAKER - New Bank of Canada governor Macklem brings job familiarity with green touch,20200501T144500Z,https://s4.reutersmedia.net/resources_v2/images/rcom-default.png,reuters.com,English,United States
https://www.lavanguardia.com/opinion/20200501/48857862054/al-limite.html,,"Al límite , por Pilar Rahola",20200501T023000Z,https://www.lavanguardia.com/r/GODO/LV/Autores/Imagenes/NoFecha/author-1191-twitter-card.png,lavanguardia.com,Spanish,Spain
https://www.is.fi/kotimaa/art-2000006493938.html,,"Ohisalon vappu­puhe :  Tämä on hetki , jolloin hyvin­vointi­valtion tuki­toimia ja mittavaa elvytystä tarvitaan  - Kotimaa",20200501T091500Z,https://is.mediadelivery.fi/img/some/default/67d9fb9b37c44b49886021cc0b7b6875.jpg,is.fi,Finnish,Finland
https://infotel.ca/newsitem/boc-governor/cp1647119236,,Morneau names Tiff Macklem new Bank of Canada governor,20200501T190000Z,,infotel.ca,English,Canada
https://www.centralmaine.com/2020/05/01/coronavirus-nothing-next-to-climate-change/,,Coronavirus nothing next to climate change,20200501T110000Z,,centralmaine.com,English,United States
https://www.diepresse.com/5807035/die-welt-nach-corona-eine-nagelprobe-fur-unsere-demokratie,,Die Welt nach Corona :  Eine Nagelprobe für unsere ... ,20200501T093000Z,https://media.diepresse.com/social_diepresse_magazin_paid/images/uploads_1200/b/b/b/5807035/Networking-model-released-Symbolfoto-property-released-PUBLICATIONxINxGERxSUIxAUTxHUNxONLY-TCF05371_1588163000094626_v0_l.jpg,diepresse.com,German,Austria
https://www.nation.co.ke/business/seedsofgold/Beauty-of-storing-fodder/2301238-5539992-6jsi7xz/,https://www.nation.co.ke/business/seedsofgold/Beauty-of-storing-fodder/2301238-5539992-view-asAMP-br2r98z/index.html,Why my cows wont starve during Covid - 19 pandemic,20200501T210000Z,https://www.nation.co.ke/image/view/-/5540000/medRes/2608507/-/itaxmcz/-/fodder+img1.jpg,nation.co.ke,English,Kenya
https://spectrumlocalnews.com/nys/buffalo/politics/2020/05/01/indian-point-shuts-down-unit-2,,Indian Point Shuts Down Unit 2 During Pandemic,20200501T223000Z,https://s7d2.scene7.com/is/image/TWCNews/hv-ap-indian-point-unit-2-shutdownjpg,spectrumlocalnews.com,English,United States
https://dailytimes.com.pk/605752/un-chief-praises-south-koreas-simultaneous-fight-against-virus-climate-change/,https://dailytimes.com.pk/605752/un-chief-praises-south-koreas-simultaneous-fight-against-virus-climate-change/amp/,"UN chief praises South Korea simultaneous fight against virus , climate change",20200501T204500Z,https://dailytimes.com.pk/assets/uploads/2020/05/UN-chief-praises-South-Koreas-simultaneous-fight-against-virus-climate-change.jpg,dailytimes.com.pk,English,Pakistan
https://www.krzbb.de/krz_12_111875913-113-_Staedte-mahnen-Klimaschutz-auch-in-Corona-Krise-an.html,,Städte mahnen Klimaschutz auch in Corona - Krise an,20200501T113000Z,,krzbb.de,German,Germany
http://www.ihalla.com/read.php3?aid=1588317561681803073,,제주의 대표 신문 한라일보,20200501T110000Z,http://www.ihalla.com/upimages/gisaimg/202005/681803.jpg,ihalla.com,Korean,South Korea
https://fr.euronews.com/2020/05/01/un-1er-mai-sans-fete-mais-plein-de-messages-de-solidarite,/amp/2020/05/01/un-1er-mai-sans-fete-mais-plein-de-messages-de-solidarite,Un 1er mai sans fête mais plein de messages de solidarité,20200501T204500Z,https://static.euronews.com/articles/stories/04/66/22/88/1000x563_cmsv2_87a2a4eb-265e-5891-b8e3-69aeb91bcc0d-4662288.jpg,fr.euronews.com,French,United States
https://www.techrepublic.com/resource-library/downloads/it-data-center-green-energy-policy/,https://www.techrepublic.com/google-amp/resource-library/downloads/it-data-center-green-energy-policy/,IT Data Center Green Energy Policy,20200501T164500Z,,techrepublic.com,English,United States
http://www.avgi.gr/article/10838/11021407/-paratereterio-covid-19-me-ton-kosta-arbanite-stis-22-00-zontane-metado-21,, « Παρατηρητήριο COVID – 19 » με τον Κώστα Αρβανίτη στις 22 : 00 ( Ζωντανή μετάδοση ) ,20200501T183000Z,http://www.avgi.gr/documents/10179/0/5545454%CE%91%CE%91%CE%91%CE%91%CE%91.jpg/9af3039f-157d-4a2d-b1a7-f377352ff116?t=1586798446321&imageThumbnail=3,avgi.gr,Greek,Greece
https://www.mainpost.de/regional/schweinfurt/klimasparbuch-lust-auf-mehr-klimaschutz-im-alltag,"https://m.mainpost.de/regional/schweinfurt/klimasparbuch-lust-auf-mehr-klimaschutz-im-alltag;art763,10439964",Klimasparbuch : Lust auf mehr Klimaschutz im Alltag,20200501T064500Z,https://static2.mainpost.de/storage/image/1/9/0/5/9145091_teaser-big_1uG414_4cs27r.jpg,mainpost.de,German,Germany
https://www.err.ee/1084778/heathrow-lennujaama-laiendamine-lukkub-kaks-aastat-edasi,,Heathrow lennujaama laiendamine lükkub kaks aastat edasi,20200501T134500Z,https://s.err.ee/photo/crop/2020/05/01/775310hcdeft24.jpg,err.ee,Estonian,Estonia
https://www.aleqt.com/2020/05/01/article_1818026.html,,مشروع توسعة مطار هيثرو يتأخر لعامين لأسباب قانونية وتفشي  كوفيد - 19  ,20200501T163000Z,https://www.aleqt.com/sites/default/files/rbitem/2020/05/1/1328861-220188650.jpg,aleqt.com,Arabic,Saudi Arabia
https://new.qq.com/omn/20200501/20200501A03NFE00.html,,NASA卫星 ： 16年来南极和格陵兰融冰抬升14毫米海平面 _ 腾讯新闻,20200501T004500Z,,new.qq.com,Chinese,China
https://www.bbc.co.uk/news/uk-52510154,https://www.bbc.co.uk/news/amp/uk-52510154,Coronavirus : National Trust  faces £200m losses this year  ,20200502T001500Z,https://ichef.bbci.co.uk/news/1024/branded_news/1260E/production/_112087257_gettyimages-1214066473.jpg,bbc.co.uk,English,United Kingdom
https://www.bbc.com/news/uk-52510154,https://www.bbc.com/news/amp/uk-52510154,Coronavirus : National Trust  faces £200m losses this year  ,20200501T233000Z,https://ichef.bbci.co.uk/news/1024/branded_news/1260E/production/_112087257_gettyimages-1214066473.jpg,bbc.com,English,United Kingdom
https://n.eastday.com/pnews/1588288725013826,,NASA卫星 ： 16年来南极和格陵兰融冰抬升14毫米海平面,20200501T030000Z,,n.eastday.com,Chinese,China
https://www.aftenposten.no/verden/i/Jo8n66/nasa-har-finmaalt-is-paa-groenland-og-antarktis-siden-2003-smelting-staar-for-stor-andel-av-oekt-havnivaa,,Nasa har finmålt is på Grønland og Antarktis siden 2003 : Smelting står for stor andel av økt havnivå,20200501T184500Z,https://premium.vgc.no/ap/images/5e7a72d5-4d87-48de-81dd-44869dff4cf7?fit=crop&q=80,aftenposten.no,Norwegian,Norway
https://www.businesswire.com/news/home/20200430005825/en/Solar-Project-Dane-County-Regional-Airport-Receives,,Solar Project at Dane County Regional Airport Receives Regulatory Approval,20200501T023000Z,,businesswire.com,English,United States
https://elpais.com/elpais/2020/04/24/planeta_futuro/1587733170_280052.html,https://elpais.com/elpais/2020/04/24/planeta_futuro/1587733170_280052.amp.html,Las transferencias monetarias para responder a la covid - 19 y al cambio climático | Planeta Futuro,20200501T003000Z,https://ep00.epimg.net/elpais/imagenes/2020/04/24/planeta_futuro/1587733170_280052_1587735131_rrss_normal.jpg,elpais.com,Spanish,Spain
https://www.salisburyjournal.co.uk/news/18420066.salisbury-neighbourhood-development-plan-survey-launches/,,Salisbury Neighbourhood Development Plan survey launches,20200501T131500Z,https://www.salisburyjournal.co.uk/resources/images/11194326/,salisburyjournal.co.uk,English,United Kingdom
https://www.canarias7.es/siete-islas/grafcan-actualiza-el-mapa-callejero-de-canarias-DD9140599,https://www.canarias7.es/amp/siete-islas/grafcan-actualiza-el-mapa-callejero-de-canarias-DD9140599,Grafcan actualiza el mapa callejero de Canarias,20200501T150000Z,,canarias7.es,Spanish,Spain
https://www.bzbasel.ch/schweiz/ein-bonus-fuer-aeltere-kuehe-die-weniger-furzen-ist-das-das-duemmste-gesetz-137768729,https://amp.bzbasel.ch/schweiz/ein-bonus-fuer-aeltere-kuehe-die-weniger-furzen-ist-das-das-duemmste-gesetz-137768729,"Ein Bonus für ältere Kühe , die weniger furzen : Ist das das dümmste Gesetz ? ",20200501T143000Z,,bzbasel.ch,German,Switzerland
https://www.zdf.de/nachrichten/politik/suedkorea-corona-klima-guterres-100.html,https://amp.zdf.de/nachrichten/politik/suedkorea-corona-klima-guterres-100.html,Corona und Klimawandel : Guterres lobt Vorbild Südkorea,20200501T124500Z,https://www.zdf.de/assets/teletext-dpa-image-un-generalsekretaer-antonio-gutteres-archivbild-104~1280x720?cb=1588321270102,zdf.de,German,Germany
http://www.rfi.fr/en/wires/20200430-un-chief-praises-south-koreas-simultaneous-fight-against-virus-climate-change,https://amp.rfi.fr/en/wires/20200430-un-chief-praises-south-koreas-simultaneous-fight-against-virus-climate-change,"UN chief praises South Korea simultaneous fight against virus , climate change",20200501T014500Z,http://s.rfi.fr/media/display/e0f71bea-8b27-11ea-84c9-005056a964fe/w:1240/p:16x9/e1be6e60a69da88c4644708b681df19cfe9c42bd.jpg,rfi.fr,English,France
https://www.mysuncoast.com/2020/04/30/un-chief-world-should-follow-south-korea-covid-fight/,/2020/04/30/un-chief-world-should-follow-south-korea-covid-fight/?outputType=amp,UN chief : World should follow South Korea on COVID - 19 fight,20200501T060000Z,https://www.mysuncoast.com/resizer/KJUiy3N2O4O9XCkITc0LrLGTW50=/1200x0/arc-anglerfish-arc2-prod-raycom.s3.amazonaws.com/public/6ZDWNCHSW5GFTB4N4IK4S5LQC4.jpg,mysuncoast.com,English,United States
https://www.bd-pratidin.com/mixter/2020/05/01/526024,//www.bd-pratidin.com/amp/mixter/2020/05/01/526024,"করোনার জেরে শিকার বন্ধ , বেঁচে যাচ্ছে তিমির প্রাণ | 526024|",20200501T041500Z,https://www.bd-pratidin.com/assets/news_images/2020/05/01/093721_bangladesh_pratidin_8.jpg,bd-pratidin.com,Bengali,Bangladesh
https://www.adn.com/alaska-news/weather/2020/05/01/utqiagvik-just-recorded-its-first-record-low-temperature-in-13-years/,https://www.adn.com/alaska-news/weather/2020/05/01/utqiagvik-just-recorded-its-first-record-low-temperature-in-13-years/?outputType=amp-type,Utqiagvik just recorded its first record low temperature in 13 years,20200501T143000Z,https://www.adn.com/resizer/bPPZezB24JHirBPbmAANEs4D8Xs=/1200x0/arc-anglerfish-arc2-prod-adn.s3.amazonaws.com/public/4PMPWPNPB5BEDKB4NKCGE35OE4.jpg,adn.com,English,United States
https://www.lexpress.fr/actualite/sciences/jean-marc-jancovici-en-route-vers-les-energies-renouvelables_2124754.html,https://www.lexpress.fr/actualite/sciences/jean-marc-jancovici-en-route-vers-les-energies-renouvelables_2124754.amp.html,Jean - Marc Jancovici : En route vers les énergies renouvelables ! ,20200501T074500Z,"https://static.lexpress.fr/medias_12224/w_605,h_350,c_fill,g_north/v1587298823/chroniqueurs-l-express-8_6258818.jpg",lexpress.fr,French,France
https://mediaindonesia.com/read/detail/309460-demi-hak-anak-greta-thunberg-hibahkan-uang-penghargaan,https://m.mediaindonesia.com/amp/amp_detail/309460-demi-hak-anak-greta-thunberg-hibahkan-uang-penghargaan,"Demi Hak Anak , Greta Thunberg Hibahkan Uang Penghargaan",20200501T171500Z,https://disk.mediaindonesia.com/thumbs/590x400/news/2020/05/01f5061d03a423283637ca75db66535d.jpg,mediaindonesia.com,Indonesian,Indonesia
https://www.witn.com/content/news/UN-chief-World-should-follow-South-Korea-on-COVID-19-fight-570101121.html,,UN chief : World should follow South Korea on COVID - 19 fight,20200501T034500Z,https://media.graytvinc.com/images/AP_20120401535693+(1).jpg,witn.com,English,United States
https://dailyhive.com/montreal/valerie-plante-global-coronavirus-task-force,,Valérie Plante named to global coronavirus recovery task force,20200501T171500Z,https://images.dailyhive.com/20200501091436/valerie-plante-500x256.jpg,dailyhive.com,English,Canada
https://www.ky3.com/content/news/UN-chief-World-should-follow-South-Korea-on-COVID-19-fight-570101121.html,,UN chief : World should follow South Korea on COVID - 19 fight,20200501T033000Z,https://media.graytvinc.com/images/AP_20120401535693+(1).jpg,ky3.com,English,United States
http://www.koreaherald.com/view.php?ud=20200501000074,http://m.koreaherald.com/amp/view.php?ud=20200501000074,UN chief says world should follow Korea on COVID - 19 fight,20200501T050000Z,http://res.heraldm.com/content/image/2020/05/01/20200501000072_0.jpg,koreaherald.com,English,South Korea
http://nwww.koreaherald.com/view.php?ud=20200501000074,http://m.koreaherald.com/amp/view.php?ud=20200501000074,UN chief says world should follow Korea on COVID - 19 fight,20200501T064500Z,http://res.heraldm.com/content/image/2020/05/01/20200501000072_0.jpg,nwww.koreaherald.com,English,South Korea
http://tiempo.com.mx/noticia/pronostican_maxima_34oc_manana_ciudad_noticias_chihuahua/,,Pronostican máxima de 34ºC para mañana en la ciudad de Chihuahua,20200501T031500Z,http://static.tiempo.com.mx/uploads/imagen/imagen/322199/principal_chihuahua-2.jpg,tiempo.com.mx,Spanish,Mexico
http://www.yangtse.com/zncontent/484994.html,,NASA卫星 ： 16年来南极和格陵兰融冰抬升14毫米海平面,20200501T074500Z,,yangtse.com,Chinese,China
https://www.kcrg.com/content/news/UN-chief-World-should-follow-South-Korea-on-COVID-19-fight-570101121.html,,UN chief : World should follow South Korea on COVID - 19 fight,20200501T051500Z,https://media.graytvinc.com/images/AP_20120401535693+(1).jpg,kcrg.com,English,United States
https://elaph.com/Web/News/2020/05/1290887.html,https://elaph.com/amp/Web/News/2020/05/1290887.html,مطار هيثرو يعلن حصول تأخر سنتين في مشروع توسيعه,20200501T151500Z,https://e1.elaphjournal.com/resources/images/News/2020/05/week1/0a9d412c1b67368c8324ac3521879dc4.jpg,elaph.com,Arabic,Syria
https://www.swr.de/swraktuell/erster-mai-virtuell-ohne-gewerkschaftskundgebungen-100.html,,Gewerkschaften kämpfen online : Erster Mai ohne DGB - Kundgebungen | SWR Aktuell,20200501T091500Z,"https://www.swrfernsehen.de/marktcheck/aktuell/1588244301237,erster-mai-virtuell-100~_v-16x9@2dS_-6be50a9c75559ca1aaf1d0b25bae287afdcd877a.jpg",swr.de,German,Germany
https://www.diariovasco.com/sociedad/ciencia/estudio-relaciona-color-20200501234149-nt.html,https://www.diariovasco.com/sociedad/ciencia/estudio-relaciona-color-20200501234149-nt_amp.html,Un estudio relaciona el color rojo de estalagmitas con el cambio climático,20200501T051500Z,https://static.diariovasco.com/www/multimedia/202005/01/media/cortadas/goikoetxea-ades-kB2C--984x468@Diario%20Vasco.jpg,diariovasco.com,Spanish,Spain
https://www.wcax.com/content/news/UN-chief-World-should-follow-South-Korea-on-COVID-19-fight-570101121.html,,UN chief : World should follow South Korea on COVID - 19 fight,20200501T020000Z,https://media.graytvinc.com/images/AP_20120401535693+(1).jpg,wcax.com,English,United States
https://www.seacoastonline.com/opinion/20200430/letter-saving-strawbery-banke-from-sea-level-rise,https://www.seacoastonline.com/opinion/20200430/letter-saving-strawbery-banke-from-sea-level-rise?template=ampart,Letter : Saving Strawbery Banke from sea level rise - Opinion - seacoastonline . com,20200501T034500Z,,seacoastonline.com,English,United States
https://earther.gizmodo.com/the-courts-are-failing-us-on-climate-change-1843163414,https://earther.gizmodo.com/the-courts-are-failing-us-on-climate-change-1843163414/amp,The Courts Are Failing Us on Climate Change,20200501T001500Z,"https://i.kinja-img.com/gawker-media/image/upload/c_fill,f_auto,fl_progressive,g_center,h_675,pg_1,q_80,w_1200/lbwt6pnlxxxi4k1sxraz.jpg",earther.gizmodo.com,English,United States
https://www.yenisafak.com/en/news/the-world-becomes-cleaner-as-emissions-fall-in-april-3518392,https://m.yenisafak.com/en/news/the-world-becomes-cleaner-as-emissions-fall-in-april-3518392,"The world becomes cleaner , as emissions fall in April",20200501T154500Z,https://img.piri.net/mnresize/600/-/resim/imagecrop/2020/05/01/03/04/resized_3558a-2020-04-06t104638z_1271277726_rc2yyf99j1zp_rtrmadp_3_health-coronavirus-wildlife.jpg,yenisafak.com,English,Turkey
https://www.wlox.com/2020/04/30/un-chief-world-should-follow-south-korea-covid-fight/,/2020/04/30/un-chief-world-should-follow-south-korea-covid-fight/?outputType=amp,UN chief : World should follow South Korea on COVID - 19 fight,20200501T044500Z,https://www.wlox.com/resizer/KJUiy3N2O4O9XCkITc0LrLGTW50=/1200x0/arc-anglerfish-arc2-prod-raycom.s3.amazonaws.com/public/6ZDWNCHSW5GFTB4N4IK4S5LQC4.jpg,wlox.com,English,United States
https://reneweconomy.com.au/want-an-economic-tonic-mr-morrison-use-that-stimulus-money-to-turbocharge-renewables-37303/,https://reneweconomy.com.au/want-an-economic-tonic-mr-morrison-use-that-stimulus-money-to-turbocharge-renewables-37303/amp/,"Want an economic tonic , Mr Morrison ? Use that stimulus money to turbocharge renewables",20200501T050000Z,https://reneweconomy.com.au/wp-content/uploads/2020/04/BialaWindFarmFirstTurbine-copy.jpg,reneweconomy.com.au,English,Australia
http://www.bhasha.ptinews.com/news/1997907_bhasha,,fullstory,20200501T134500Z,,bhasha.ptinews.com,Hindi,India
http://bhasha.ptinews.com/news/1997907_bhasha,,fullstory,20200501T130000Z,,bhasha.ptinews.com,Hindi,India
https://regnum.ru/news/society/2935918.html,,Жители США назвали распространение болезней главной международной угрозой,20200501T174500Z,https://regnum.ru/assets/new_regnum/images/covers/default/nopic_33.png,regnum.ru,Russian,Russia
https://www.straitstimes.com/world/un-chief-praises-south-koreas-simultaneous-fight-against-coronavirus-climate-change,,"UN chief Antonio Guterres praises South Korea simultaneous fight against coronavirus , climate change",20200501T014500Z,https://www.straitstimes.com/sites/all/themes/custom/bootdemo/images/facebook_default_pic.jpg,straitstimes.com,English,Singapore
https://www.edaily.co.kr/news/read?newsId=02095926625764656&mediaCodeNo=257&gtrack=sok,https://m.edaily.co.kr/amp/read?newsId=02095926625764656 eNo=257,"英국무상 , 외교2차관 통화  韓 , 백신 개발 참여 요청  ",20200501T150000Z,https://image.edaily.co.kr/images/Photo/files/NP/S/2020/05/PS20050100475.jpg,edaily.co.kr,Korean,South Korea
https://www.wndu.com/content/news/UN-chief-World-should-follow-South-Korea-on-COVID-19-fight-570101121.html,,UN chief : World should follow South Korea on COVID - 19 fight,20200501T044500Z,https://media.graytvinc.com/images/AP_20120401535693+(1).jpg,wndu.com,English,United States
https://www.wdbj7.com/content/news/UN-chief-World-should-follow-South-Korea-on-COVID-19-fight-570101121.html,,UN chief : World should follow South Korea on COVID - 19 fight,20200501T020000Z,https://media.graytvinc.com/images/AP_20120401535693+(1).jpg,wdbj7.com,English,United States
